"Binomial","MaxTemp_5Km","MinTemp_5Km","MaxPrecip_5Km","MinPrecip_5Km","MeanTemp_5Km","MeanPrecip_5Km"
"Acinonyx_jubatus",47.3279991149902,-8.34799957275391,398,0,23.0172939300537,358.55712890625
"Acomys_airensis",46.5599975585938,4.61599969863892,175,0,28.0125999450684,101.525917053223
"Acomys_cahirinus",46.8839988708496,-10.7399997711182,238,0,23.2984523773193,47.2428245544434
"Acomys_cineraceus",42.8920021057129,-1.01999998092651,464,0,25.4442939758301,767.429260253906
"Acomys_ignitus",34.2999992370605,9.57600021362305,361,0,23.6807842254639,723.651184082031
"Acomys_johannis",42.6839981079102,12.1640005111694,307,0,27.8975601196289,775.350524902344
"Acomys_kempi",40.7120018005371,8.17199993133545,528,0,26.5618934631348,443.435974121094
"Acomys_louisae",42.4000015258789,4.59600019454956,285,0,26.2539958953857,274.0107421875
"Acomys_mullah",42.4000015258789,6.64400005340576,204,0,26.6933460235596,283.055358886719
"Acomys_percivali",38.4000015258789,4.85599994659424,253,0,24.919750213623,650.465881347656
"Acomys_seurati",44.992000579834,-1.02799999713898,16,0,23.3296279907227,30.421630859375
"Acomys_spinosissimus",37.476001739502,1.79199993610382,308,0,21.0779056549072,836.399047851562
"Acomys_wilsoni",40.7120018005371,-8.61600017547607,637,0,24.6621627807617,586.927490234375
"Addax_nasomaculatus",43.1440010070801,9.14400005340576,43,0,27.0950527191162,52.892765045166
"Aepyceros_melampus",39.5800018310547,-8.61600017547607,760,0,22.037914276123,822.301818847656
"Aethomys_chrysophilus",39.5800018310547,-8.61600017547607,760,0,21.9869728088379,735.392395019531
"Aethomys_granti",NA,NA,NA,NA,NA,NA
"Aethomys_hindei",40.2599983215332,-8.61600017547607,637,0,24.4084815979004,1116.87390136719
"Aethomys_ineptus",35.5519981384277,-5.3439998626709,333,1,17.7465267181396,643.777221679688
"Aethomys_kaiseri",35.8240013122559,-8.61600017547607,760,0,21.7710304260254,1151.98522949219
"Aethomys_namaquensis",NA,NA,NA,NA,NA,NA
"Aethomys_nyikae",36.3040008544922,3.80800008773804,408,0,21.4251556396484,1245.20397949219
"Aethomys_silindensis",32.8639984130859,3.97200012207031,312,0,19.1402187347412,925.815673828125
"Aethomys_stannarius",40.4000015258789,11.6079998016357,340,0,26.01926612854,988.895080566406
"Alcelaphus_buselaphus",43.7999992370605,-8.61600017547607,803,0,23.2347450256348,920.734252929688
"Allactaga_tetradactyla",35.2200012207031,3.98799991607666,110,0,19.2448673248291,146.68635559082
"Allenopithecus_nigroviridis",33.0919990539551,17.7439994812012,263,29,24.9852638244629,1861.09436035156
"Allochrocebus_lhoesti",31.1319999694824,-0.331999987363815,290,8,22.9560432434082,1700.12377929688
"Allochrocebus_solatus",31.9400005340576,16.3039989471436,402,2,24.3855113983154,1795.72863769531
"Amblysomus_hottentotus",33.2200012207031,-6.13599967956543,230,6,16.696325302124,777.303405761719
"Amblysomus_marleyi",32.431999206543,9.64400005340576,137,8,21.2608795166016,688.31591796875
"Amblysomus_robustus",29.8159999847412,0.643999993801117,198,6,15.1321315765381,873.4755859375
"Amblysomus_septentrionalis",30.6919994354248,-3.11999988555908,216,5,15.4459199905396,801.800964355469
"Ammodillus_imbellis",38.6879997253418,7.59600019454956,101,0,26.7855453491211,240.380096435547
"Ammodorcas_clarkei",37.2999992370605,15.2639999389648,123,0,26.7032032012939,271.402252197266
"Ammotragus_lervia",46.0279998779297,-10.7399997711182,147,0,22.2645702362061,79.7036056518555
"Anomalurus_beecrofti",39.3199996948242,4.2960000038147,1115,0,24.8180999755859,1752.35070800781
"Anomalurus_derbianus",38.3120002746582,-0.331999987363815,904,0,23.4025955200195,1499.61743164062
"Aonyx_capensis",44,-8.61600017547607,1115,0,23.5843276977539,972.991577148438
"Aonyx_congicus",35.484001159668,-0.331999987363815,617,0,24.0921630859375,1668.42712402344
"Arvicanthis_abyssinicus",40.0359992980957,-4.76800012588501,464,0,19.2627983093262,1038.45874023438
"Arvicanthis_ansorgei",42.9440002441406,10.460000038147,1115,0,27.1673240661621,1128.41711425781
"Arvicanthis_blicki",31.2280006408691,-2.75600004196167,255,9,13.3513469696045,1100.49279785156
"Arvicanthis_nairobae",33.9879989624023,-8.61600017547607,498,0,20.6241550445557,770.105346679688
"Arvicanthis_neumanni",40.7560005187988,-8.61600017547607,498,0,24.1312808990479,543.836303710938
"Arvicanthis_niloticus",44.8359985351562,-4.76800012588501,464,0,25.6133060455322,724.557189941406
"Arvicanthis_rufinus",40.4720001220703,7.56400012969971,1019,0,26.3350868225098,1485.34509277344
"Asellia_patrizii",40.8359985351562,-2.51600003242493,349,0,22.4329986572266,610.641235351562
"Atelerix_albiventris",43.7999992370605,-8.61600017547607,1115,0,25.939151763916,863.499084472656
"Atelerix_algirus",40.923999786377,-10.7399997711182,276,0,16.7430419921875,368.311096191406
"Atelerix_frontalis",37.6959991455078,-5.23199987411499,259,0,19.5426845550537,480.076446533203
"Atelerix_sclateri",42.0749969482422,4.59600019454956,152,0,25.4853057861328,193.715286254883
"Atherurus_africanus",40.2519989013672,-0.331999987363815,1115,0,24.5380325317383,1686.31970214844
"Atilax_paludinosus",43.7999992370605,-8.61600017547607,1115,0,23.5829582214355,1166.02075195312
"Atlantoxerus_getulus",43.8839988708496,-10.7399997711182,94,0,17.2963562011719,210.833343505859
"Bathyergus_janetta",38.4759979248047,5.55600023269653,30,1,18.5278759002686,103.779266357422
"Bdeogale_crassicauda",39.5800018310547,-1.00800001621246,755,0,23.0375423431396,989.708068847656
"Bdeogale_jacksoni",32.3240013122559,-2.81599998474121,637,0,17.8760757446289,1275.39123535156
"Bdeogale_nigripes",36.7680015563965,4.2960000038147,683,0,24.1927051544189,1689.61413574219
"Bdeogale_omnivora",33.7439994812012,16.8199996948242,404,0,25.9846000671387,908.368286132812
"Beamys_hindei",35.492000579834,1.79999995231628,760,0,23.2217712402344,1092.36022949219
"Beatragus_hunteri",35.3359985351562,21.0440006256104,191,2,27.3878135681152,527.360778808594
"Bunolagus_monticularis",34.0999984741211,-2.58399987220764,108,5,15.2320108413696,255.582778930664
"Calcochloris_obtusirostris",35.3160018920898,7.9520001411438,268,0,23.5449810028076,687.855590820312
"Calcochloris_tytonis",36.2239990234375,20.3719997406006,96,2,27.4339981079102,399.325561523438
"Canis_adustus",43.931999206543,-8.61600017547607,1104,0,23.9341926574707,1008.75811767578
"Canis_mesomelas",42.7799987792969,-8.61600017547607,637,0,21.8291568756104,544.559692382812
"Canis_simensis",26.4120006561279,-4.76800012588501,351,2,9.6717004776001,1154.32739257812
"Capra_walie",31.2719993591309,-3.33200001716614,304,1,12.6943454742432,901.635070800781
"Caracal_aurata",40.2519989013672,-0.331999987363815,1115,0,24.3492527008057,1683.49694824219
"Cardioderma_cor",42.9519996643066,-8.61600017547607,637,0,24.6884059906006,485.560668945312
"Carpitalpa_arendsi",33.7159996032715,3.97200012207031,312,2,17.8722972869873,1014.89349365234
"Casinycteris_argynnis",33.0919990539551,10.996000289917,342,1,24.4905700683594,1716.8125
"Cephalophus_adersi",32.9119987487793,19.3039989471436,439,0,26.5382022857666,1008.13635253906
"Cephalophus_dorsalis",40.2519989013672,4.2960000038147,1115,0,24.4788951873779,1710.869140625
"Cephalophus_harveyi",34.3320007324219,-8.61600017547607,760,0,21.4743309020996,960.583618164062
"Cephalophus_jentinki",36.0320014953613,10.2880001068115,814,4,25.4687156677246,2300.47216796875
"Cephalophus_natalensis",37.2159996032715,2.08800005912781,412,0,23.8167877197266,1002.71136474609
"Cephalophus_nigrifrons",34.9640007019043,-2.81599998474121,617,0,23.9615211486816,1624.76623535156
"Cephalophus_rufilatus",43.1959991455078,8.48799991607666,1099,0,26.0348148345947,1255.85522460938
"Cephalophus_silvicultor",40.2519989013672,-0.287999987602234,1115,0,24.019905090332,1534.62341308594
"Cephalophus_spadix",31.5200004577637,-8.61600017547607,498,0,17.4294967651367,1282.8828125
"Cephalophus_weynsi",36.8720016479492,-0.331999987363815,290,0,23.9329948425293,1693.01171875
"Cephalophus_zebra",35.5839996337891,10.7639999389648,628,12,25.4869403839111,2296.15576171875
"Ceratotherium_simum",39.5800018310547,-6.2960000038147,637,0,20.967041015625,576.791015625
"Cercocebus_agilis",38.3559989929199,0.327999979257584,332,0,24.1671867370605,1632.45678710938
"Cercocebus_atys",40.2519989013672,9.98799991607666,1115,0,25.8658504486084,2390.16918945312
"Cercocebus_chrysogaster",32.3720016479492,17.576000213623,252,8,25.0407733917236,1759.65490722656
"Cercocebus_galeritus",34.2799987792969,21.3839988708496,126,10,27.3120002746582,654.134094238281
"Cercocebus_lunulatus",36.1679992675781,17.5639991760254,517,2,26.2847747802734,1360.3076171875
"Cercocebus_sanjei",31.4440002441406,11.3079996109009,379,4,21.6963920593262,1532.59729003906
"Cercopithecus_ascanius",38.3680000305176,-0.331999987363815,297,0,23.6761207580566,1553.34033203125
"Cercopithecus_campbelli",40.2519989013672,10.0920000076294,1115,0,25.9964771270752,2460.373046875
"Cercopithecus_denti",34.423999786377,-0.331999987363815,290,6,23.1154518127441,1691.90991210938
"Cercopithecus_dryas",31.576000213623,18.6760005950928,254,36,24.7366046905518,1899.64892578125
"Cercopithecus_hamlyni",31.5319995880127,3.33999991416931,290,6,23.418643951416,1752.02990722656
"Cercopithecus_mitis",40.7120018005371,-8.61600017547607,760,0,22.0620307922363,1201.189453125
"Cercopithecus_neglectus",37.3160018920898,-0.331999987363815,617,0,24.1220035552979,1693.21533203125
"Chaerephon_aloysiisabaudiae",38.068000793457,-0.331999987363815,320,2,24.5337142944336,1620.28356933594
"Chaerephon_ansorgei",41.6079978942871,-8.61600017547607,498,0,23.3502731323242,1070.19458007812
"Chaerephon_bemmeleni",39.0519981384277,-8.61600017547607,614,0,21.664493560791,1218.43395996094
"Chaerephon_bivittatus",40.4039993286133,-8.61600017547607,760,0,21.9854736328125,860.460388183594
"Chaerephon_chapini",39.431999206543,-0.331999987363815,368,0,22.2153205871582,1040.6572265625
"Chaerephon_gallagheri",30.6000003814697,18.2999992370605,190,21,24.5381679534912,1436.14489746094
"Chaerephon_major",43.8800010681152,0.712000012397766,447,0,27.0985584259033,884.742126464844
"Chaerephon_nigeriae",41.9680023193359,1.79199993610382,522,0,23.4048080444336,1052.71459960938
"Chaerephon_pumilus",42.8920021057129,-4.76800012588501,1115,0,24.376651763916,1038.8095703125
"Chaerephon_russatus",33.5039978027344,5.38399982452393,553,7,24.6792755126953,1648.25646972656
"Chlorocebus_aethiops",43.9440002441406,-4.76800012588501,464,0,23.801872253418,850.17333984375
"Chlorocebus_cynosuros",38.3759994506836,3.80800008773804,338,0,22.1003456115723,1154.14440917969
"Chlorocebus_djamdjamensis",31.6319999694824,-2.75600004196167,246,10,13.2595291137695,1179.63806152344
"Chlorocebus_pygerythrus",40.7120018005371,-8.61600017547607,760,0,22.3699760437012,737.28515625
"Chlorocebus_sabaeus",43.7999992370605,9.36800003051758,1115,0,27.0843677520752,1088.12951660156
"Chlorocebus_tantalus",43.2360000610352,-0.331999987363815,416,0,25.9362335205078,1082.39013671875
"Chlorotalpa_duthieae",28.5599994659424,3.25999999046326,107,25,16.6401710510254,627.950744628906
"Chlorotalpa_sclateri",36.2719993591309,-6.41200017929077,195,5,13.5829887390137,636.084106445312
"Chrysochloris_stuhlmanni",33.7120018005371,-0.331999987363815,750,0,19.8517932891846,1295.00756835938
"Chrysochloris_visagiei",32.9879989624023,0.379999995231628,32,8,16.2400417327881,182.446243286133
"Chrysospalax_trevelyani",29.2000007629395,-0.136000007390976,138,12,17.3139038085938,787.172790527344
"Chrysospalax_villosus",30.9360008239746,-1.24000000953674,196,2,16.7623043060303,825.519470214844
"Cistugo_lesueuri",NA,NA,NA,NA,NA,NA
"Civettictis_civetta",44,-8.61600017547607,1115,0,24.2079849243164,1108.23083496094
"Cloeotis_percivali",37.2360000610352,0.0120000001043081,443,0,20.1890316009521,621.572021484375
"Coleura_afra",43.2879981994629,-2.81599998474121,1036,0,24.9574146270752,985.859680175781
"Colobus_angolensis",34.7680015563965,-0.331999987363815,760,0,23.3990802764893,1507.21801757812
"Colobus_guereza",40.2599983215332,-8.61600017547607,637,0,23.1844482421875,1340.55737304688
"Colobus_polykomos",40.2519989013672,9.36800003051758,1115,0,25.7545051574707,2361.61279296875
"Colomys_goslingi",38.2639999389648,-0.828000009059906,477,0,22.7355861663818,1486.66223144531
"Congosorex_phillipsorum",30.7240009307861,14.1160001754761,206,1,21.9346771240234,901.386840820312
"Congosorex_polli",30.2799987792969,15.3520002365112,232,8,23.2898731231689,1585.17443847656
"Congosorex_verheyeni",32.6559982299805,15.9919996261597,308,21,24.4590587615967,1637.91967773438
"Connochaetes_gnou",35.5519981384277,-6.2960000038147,230,2,15.9738445281982,542.411254882812
"Connochaetes_taurinus",37.6959991455078,-8.61600017547607,498,0,21.0767402648926,622.73974609375
"Cricetomys_emini",35.8720016479492,-0.331999987363815,900,0,24.2767009735107,1674.4814453125
"Cricetomys_gambianus",43.6319999694824,-0.331999987363815,1115,0,26.3152294158936,1119.48815917969
"Crocidura_aleksandrisi",32.9799995422363,3.98799991607666,110,0,18.7348365783691,203.153732299805
"Crocidura_allex",31.4440002441406,-8.61600017547607,453,0,14.3444194793701,997.214538574219
"Crocidura_ansellorum",30.9440002441406,5.67600011825562,284,0,19.6397666931152,1328.8564453125
"Crocidura_attila",37.947998046875,4.2960000038147,683,0,23.9884796142578,1659.46997070312
"Crocidura_baileyi",36.2639999389648,-4.76800012588501,431,1,15.5772294998169,1209.02746582031
"Crocidura_bottegi",33.0400009155273,4.49599981307983,385,0,19.9778881072998,897.801696777344
"Crocidura_bottegoides",28.3199996948242,-2.75600004196167,255,8,12.1279726028442,1120.99340820312
"Crocidura_caliginea",31.9759998321533,17.1639995574951,245,46,24.1200675964355,1805.34899902344
"Crocidura_canariensis",29.7520008087158,10.960000038147,36,0,19.8978137969971,133.04753112793
"Crocidura_cinderella",44.8359985351562,11.076000213623,464,0,28.6323547363281,413.087738037109
"Crocidura_congobelgica",31.6879997253418,15.8039999008179,235,43,23.9664287567139,1744.15161132812
"Crocidura_cyanea",39.5800018310547,-6.41200017929077,356,0,19.9792499542236,649.150817871094
"Crocidura_denti",39.4640007019043,-0.331999987363815,956,0,24.151647567749,1740.46459960938
"Crocidura_desperata",31.568000793457,1.79999995231628,472,0,17.5562953948975,1069.52282714844
"Crocidura_dolichura",36.2400016784668,3.33999991416931,683,1,24.1421699523926,1749.61950683594
"Crocidura_elgonius",32.8440017700195,-2.81599998474121,637,0,17.8578491210938,1157.54187011719
"Crocidura_fischeri",33.9879989624023,14.2799997329712,308,0,23.8747425079346,475.973022460938
"Crocidura_flavescens",34.1479988098145,-5.74399995803833,230,2,17.1900119781494,710.100280761719
"Crocidura_floweri",35.7360000610352,5.69199991226196,55,0,20.7410469055176,71.7604751586914
"Crocidura_foxi",42.5,10.4759998321533,1044,0,26.6221656799316,1152.79431152344
"Crocidura_fulvastra",44.8359985351562,0.939999997615814,340,0,27.18723487854,637.7607421875
"Crocidura_fumosa",39.939998626709,-2.81599998474121,423,0,15.836501121521,1116.46020507812
"Crocidura_fuscomurina",44.8359985351562,-8.61600017547607,1095,0,24.7994155883789,836.434814453125
"Crocidura_glassi",30.4400005340576,-2.75600004196167,255,7,12.4473056793213,1111.28039550781
"Crocidura_gracilipes",NA,NA,NA,NA,NA,NA
"Crocidura_grandiceps",36.5319976806641,10.3039999008179,433,3,25.7970943450928,1410.24755859375
"Crocidura_greenwoodi",37.8400001525879,19.431999206543,176,0,27.4742317199707,464.409454345703
"Crocidura_harenna",23.6319999694824,2.51999998092651,193,17,13.0039300918579,1121.41723632812
"Crocidura_hildegardeae",38.4000015258789,-8.61600017547607,498,0,22.9045295715332,1255.57153320312
"Crocidura_hirta",39.5800018310547,-8.61600017547607,760,0,21.9654369354248,807.78759765625
"Crocidura_jacksoni",38.2360000610352,-8.61600017547607,637,0,21.7459526062012,1000.53479003906
"Crocidura_kivuana",26.0200004577637,8.26000022888184,254,18,15.9014711380005,1842.53784179688
"Crocidura_lamottei",41.2200012207031,9.36800003051758,1115,0,26.5872535705566,1308.93664550781
"Crocidura_lanosa",26.8080005645752,8.08800029754639,257,11,16.3078899383545,1691.94714355469
"Crocidura_latona",31.4200000762939,15.9799995422363,237,38,23.9757976531982,1748.69580078125
"Crocidura_littoralis",34.9599990844727,-0.331999987363815,339,1,24.1243648529053,1655.60803222656
"Crocidura_longipes",40.1319999694824,16.076000213623,244,0,28.5953750610352,899.053344726562
"Crocidura_lucina",24.2959995269775,-2.75600004196167,255,9,10.5356254577637,1168.68298339844
"Crocidura_ludia",37.484001159668,14.1599998474121,260,0,24.666296005249,1729.58325195312
"Crocidura_luna",39.5800018310547,-8.61600017547607,760,0,21.4154357910156,1037.05676269531
"Crocidura_lusitania",44.8839988708496,-9.80399990081787,464,0,28.001708984375,264.9111328125
"Crocidura_macarthuri",40.7120018005371,11.3559999465942,404,0,27.0613880157471,440.029754638672
"Crocidura_macmillani",33.8520011901855,5.76000022888184,241,15,19.9089050292969,1585.92053222656
"Crocidura_macowi",29.57200050354,8.80399990081787,142,4,18.0070285797119,580.718627929688
"Crocidura_manengubae",33.2000007629395,11.0839996337891,421,2,22.6935920715332,2034.1259765625
"Crocidura_maquassiensis",34.1399993896484,-3.13599991798401,333,0,18.3850593566895,696.115295410156
"Crocidura_mariquensis",38.5839996337891,-1.21200001239777,333,0,20.8953800201416,848.642211914062
"Crocidura_maurisca",33.0919990539551,3.33999991416931,308,2,23.9046192169189,1778.31787109375
"Crocidura_monax",32.923999786377,-8.61600017547607,498,3,18.7013549804688,992.566650390625
"Crocidura_montis",35.431999206543,-2.81599998474121,637,0,15.5526695251465,1257.14794921875
"Crocidura_mutesae",32.1920013427734,15.1920003890991,232,24,24.1751976013184,1658.96789550781
"Crocidura_nana",38.9519996643066,11.8319997787476,186,0,26.6288013458252,473.158752441406
"Crocidura_nanilla",44.2599983215332,8.95199966430664,1077,0,26.7905368804932,859.170471191406
"Crocidura_nigrofusca",38.4000015258789,-8.61600017547607,760,0,22.3805522918701,1060.48986816406
"Crocidura_nimbae",35.8720016479492,11.9079999923706,485,11,25.1392612457275,1934.21276855469
"Crocidura_niobe",29.5,-0.331999987363815,279,0,16.1579933166504,1612.33923339844
"Crocidura_olivieri",44.8359985351562,-8.61600017547607,1115,0,24.5609245300293,1057.17443847656
"Crocidura_pachyura",37.1079978942871,-0.167999997735023,276,2,15.9609479904175,667.992797851562
"Crocidura_parvipes",38.515998840332,-8.61600017547607,498,0,23.1858463287354,1379.53515625
"Crocidura_pasha",43.4720001220703,8.01200008392334,221,0,28.1228733062744,299.298065185547
"Crocidura_phaeura",32.476001739502,7.35599994659424,308,18,20.3081092834473,1306.46472167969
"Crocidura_picea",33.5719985961914,8.48799991607666,398,5,21.6115245819092,2047.48889160156
"Crocidura_pitmani",35.7840003967285,6.65599966049194,291,0,20.216516494751,1064.31469726562
"Crocidura_planiceps",41.8320007324219,11.6079998016357,340,0,26.6765670776367,859.958129882812
"Crocidura_polia",30.7759990692139,17.4599990844727,235,55,23.5260829925537,1967.63891601562
"Crocidura_raineyi",29.996000289917,10.8039999008179,222,4,19.3412837982178,776.922241210938
"Crocidura_ramona",36.0400009155273,2.34800004959106,87,0,18.6701469421387,188.910720825195
"Crocidura_religiosa",36.8559989929199,4.61999988555908,41,0,20.707612991333,46.8184814453125
"Crocidura_roosevelti",38.423999786377,6.37200021743774,368,0,23.6670017242432,1348.58898925781
"Crocidura_selina",32.3839988708496,10.6999998092651,247,1,22.2538280487061,1195.41784667969
"Crocidura_silacea",35.2760009765625,-0.772000014781952,333,0,19.491512298584,681.826721191406
"Crocidura_smithii",42.6399993896484,3.73200011253357,315,0,25.4668865203857,563.611083984375
"Crocidura_somalica",42.6720008850098,10.9119997024536,207,0,27.2215137481689,351.422515869141
"Crocidura_stenocephala",25.1879997253418,8.08800029754639,254,11,15.6960458755493,1351.22351074219
"Crocidura_tansaniana",33.476001739502,6.65999984741211,296,4,21.6475391387939,979.962158203125
"Crocidura_tarella",28.7639999389648,3.33999991416931,250,23,16.8705539703369,1363.30383300781
"Crocidura_tarfayensis",41.0200004577637,-2.1560001373291,63,0,21.4975357055664,61.2775573730469
"Crocidura_telfordi",31.9200000762939,8.13599967956543,370,1,20.9169063568115,1333.92309570312
"Crocidura_thalia",38.9799995422363,-2.75600004196167,454,2,18.9954833984375,1467.3115234375
"Crocidura_theresae",37.0999984741211,9.36800003051758,892,3,25.7140884399414,1669.22412109375
"Crocidura_turba",38.2360000610352,-8.61600017547607,760,0,22.6090507507324,1316.09521484375
"Crocidura_ultima",28.5480003356934,7.21199989318848,356,20,17.1884937286377,1115.73815917969
"Crocidura_usambarae",32.8800010681152,6.65999984741211,296,3,20.5330352783203,911.292602539062
"Crocidura_viaria",44.8839988708496,-8.61600017547607,998,0,26.3935661315918,583.848693847656
"Crocidura_voi",43.2360000610352,-2.81599998474121,637,0,27.0584964752197,639.393737792969
"Crocidura_whitakeri",42.7159996032715,-10.7399997711182,276,0,16.9353618621826,335.803436279297
"Crocidura_xantippe",33.523998260498,6.65999984741211,288,1,22.9107112884521,756.551330566406
"Crocidura_yankariensis",42.8920021057129,5.91599988937378,464,0,27.267240524292,683.237243652344
"Crocidura_zaphiri",32.4000015258789,5.3600001335144,297,20,20.1346263885498,1611.57409667969
"Crocidura_zimmeri",33.4720001220703,12.7960004806519,210,0,23.504186630249,1083.09680175781
"Crocuta_crocuta",44.2599983215332,-8.61600017547607,1115,0,24.2651138305664,870.409545898438
"Crossarchus_alexandri",34.8279991149902,-0.331999987363815,290,6,24.1878795623779,1712.07067871094
"Crossarchus_ansorgei",33.0919990539551,12.3599996566772,263,0,24.8845252990723,1801.28149414062
"Cryptochloris_zyli",32.7519989013672,6.20799970626831,46,2,18.1640148162842,224.78450012207
"Cryptomys_hottentotus",36.3720016479492,-6.2960000038147,138,3,16.1207637786865,406.958587646484
"Ctenodactylus_gundi",41.9160003662109,-5.42000007629395,61,0,19.3117904663086,151.573135375977
"Ctenodactylus_vali",45.015998840332,-1.3400000333786,61,0,20.3990364074707,107.65274810791
"Cynictis_penicillata",38.8120002746582,-6.2960000038147,297,0,19.2879276275635,380.811798095703
"Damaliscus_lunatus",41.6079978942871,1.05599999427795,404,0,22.8013076782227,877.28759765625
"Damaliscus_pygargus",34.484001159668,-6.41200017929077,230,2,16.1513137817383,624.635498046875
"Dasymys_foxi",39.1319999694824,11.6079998016357,339,0,24.9801692962646,1079.30639648438
"Dasymys_incomtus",39.5800018310547,-8.61600017547607,760,0,22.2739524841309,1206.17370605469
"Dasymys_montanus",28.076000213623,-0.331999987363815,241,50,13.2519025802612,1587.24536132812
"Dasymys_rufulus",40.8720016479492,9.36800003051758,1115,0,26.4756526947021,1490.30822753906
"Delanymys_brooksi",25.5480003356934,3.33999991416931,257,7,14.9787092208862,1651.96826171875
"Dendrohyrax_arboreus",36.9519996643066,-8.61600017547607,760,0,21.2952079772949,1057.06762695312
"Dendrohyrax_dorsalis",38.3440017700195,-0.331999987363815,900,0,24.5182056427002,1765.62194824219
"Dendrohyrax_validus",34.3320007324219,-3.75200009346008,498,0,21.5361652374268,1241.35876464844
"Dendromus_insignis",28.9440002441406,-2.81599998474121,393,8,15.0517072677612,1332.36962890625
"Dendromus_kahuziensis",20.9080009460449,8.26000022888184,254,30,13.7737512588501,1925.87902832031
"Dendromus_kivu",29.3080005645752,-0.331999987363815,257,7,16.5200614929199,1489.48693847656
"Dendromus_lachaisei",35.7159996032715,11.3319997787476,536,10,25.0848484039307,1578.19836425781
"Dendromus_lovati",34.6399993896484,-4.76800012588501,431,1,14.9003791809082,1127.08288574219
"Dendromus_melanotis",39.5800018310547,-8.61600017547607,760,0,20.6969051361084,791.262817382812
"Dendromus_mesomelas",37.0879974365234,-6.41200017929077,307,0,19.4926567077637,784.893127441406
"Dendromus_messorius",36.7239990234375,6.52400016784668,392,4,23.4052696228027,1462.96496582031
"Dendromus_mystacalis",39.5800018310547,-6.41200017929077,462,0,21.0677719116211,977.706970214844
"Dendromus_nyikae",39.5800018310547,1.79199993610382,760,0,21.2325630187988,1027.03210449219
"Dendromus_ruppi",36.2880020141602,8.64400005340576,253,9,21.5943164825439,1309.07482910156
"Dendromus_vernayi",29.9039993286133,7.8120002746582,252,0,19.905345916748,1353.07958984375
"Dendroprionomys_rousseloti",31.923999786377,17.2080001831055,268,1,25.2005920410156,1467.43957519531
"Desmodilliscus_braueri",44.8839988708496,0.939999997615814,233,0,28.0082130432129,190.652923583984
"Desmomys_harringtoni",38.0719985961914,-2.51600003242493,464,0,18.8029479980469,1289.16149902344
"Desmomys_yaldeni",31.2280006408691,7.81199979782104,296,24,18.7676372528076,1745.19482421875
"Diceros_bicornis",39.5800018310547,-8.61600017547607,760,0,21.2448711395264,738.647644042969
"Dologale_dybowskii",38.2360000610352,8.64400005340576,263,2,24.2469635009766,1422.45007324219
"Dorcatragus_megalotis",41.0200004577637,4.59600019454956,111,0,23.9773082733154,171.413864135742
"Eidolon_helvum",42.8920021057129,-8.61600017547607,1115,0,23.7188453674316,1192.35107421875
"Elephantulus_brachyrhynchus",38.0960006713867,-8.61600017547607,760,0,21.409366607666,917.082275390625
"Elephantulus_edwardii",36.3720016479492,-6.2960000038147,130,1,16.3696022033691,307.888061523438
"Elephantulus_fuscipes",37.6319999694824,10.7200002670288,230,4,24.1704177856445,1404.70166015625
"Elephantulus_fuscus",39.4400024414062,8.30399990081787,311,0,24.2129096984863,922.845825195312
"Elephantulus_myurus",39.1040000915527,-6.2960000038147,333,0,19.2385101318359,608.022888183594
"Elephantulus_pilicaudus",34.0439987182617,-2.32400012016296,51,5,15.2347841262817,216.374221801758
"Elephantulus_revoilii",42.0749969482422,4.59600019454956,88,0,24.1334552764893,160.821228027344
"Elephantulus_rozeti",43.5839996337891,-10.7399997711182,179,0,17.1420555114746,276.777252197266
"Elephantulus_rufescens",40.0880012512207,-8.61600017547607,637,0,23.621955871582,647.928405761719
"Elephantulus_rupestris",38.8120002746582,-6.2960000038147,99,0,17.9520797729492,216.178634643555
"Eliomys_munbyanus",42,-10.7399997711182,276,0,17.6599636077881,295.535766601562
"Epomophorus_anselli",31.3080005645752,9.00800037384033,218,0,20.8761539459229,841.167907714844
"Epomophorus_crypturus",39.5800018310547,0.467999994754791,753,0,22.1748561859131,919.369567871094
"Epomophorus_gambianus",43.4400024414062,1.44400000572205,1115,0,26.2315845489502,1139.83947753906
"Epomophorus_labiatus",42.9519996643066,-4.76800012588501,464,0,24.1280574798584,937.879272460938
"Epomophorus_minimus",38.7999992370605,-2.81599998474121,417,0,20.6805591583252,816.992797851562
"Epomophorus_minor",39.0519981384277,-8.61600017547607,760,0,21.9162445068359,951.697021484375
"Epomophorus_wahlbergi",39.5800018310547,-8.61600017547607,760,0,21.9751262664795,1037.51708984375
"Epomops_buettikoferi",40.2519989013672,9.36800003051758,1115,0,26.1210136413574,1643.71508789062
"Epomops_dobsonii",37.6879997253418,1.79999995231628,760,0,20.7416725158691,1098.6650390625
"Epomops_franqueti",38.8600006103516,-0.331999987363815,683,0,24.1161212921143,1580.14855957031
"Eptesicus_floweri",44.8359985351562,4.96400022506714,207,0,27.5767974853516,238.426666259766
"Eptesicus_hottentotus",39.5800018310547,-6.41200017929077,334,0,19.7429866790771,512.338806152344
"Eptesicus_isabellinus",43.4599990844727,-10.7399997711182,276,0,16.8997325897217,372.381500244141
"Equus_africanus",40.8359985351562,11.543999671936,120,1,27.8505573272705,233.739639282227
"Equus_grevyi",38.3400001525879,7.09600019454956,637,0,24.2906551361084,448.459686279297
"Equus_quagga",38.5839996337891,-8.61600017547607,637,0,21.507999420166,724.529296875
"Equus_zebra",37.6399993896484,-3.30799984931946,144,0,19.7062034606934,226.877975463867
"Erythrocebus_patas",44.8359985351562,0.712000012397766,1033,0,26.8409442901611,825.531921386719
"Eudorcas_albonotata",39.431999206543,14.3159999847412,187,0,27.4340515136719,889.748168945312
"Eudorcas_rufifrons",44.3120002746582,0.939999997615814,280,0,28.0342464447021,452.707824707031
"Eudorcas_thomsonii",34.1479988098145,1.83599996566772,394,0,20.6275787353516,733.571472167969
"Felis_nigripes",38.0879974365234,-6.2960000038147,297,0,19.2952213287354,391.787475585938
"Felovia_vae",44.8839988708496,10.3959999084473,289,0,28.897668838501,213.667144775391
"Fukomys_anselli",37.8359985351562,7.02400016784668,231,0,21.0915584564209,822.329467773438
"Fukomys_damarensis",37.6959991455078,-1.02799999713898,189,0,21.8955345153809,433.084350585938
"Fukomys_darlingi",35.6520004272461,1.79199993610382,312,0,20.1639213562012,838.253234863281
"Fukomys_foxi",36.023998260498,11.576000213623,338,0,22.9036979675293,1267.1376953125
"Fukomys_kafuensis",34.7719993591309,5.42000007629395,231,0,21.3706912994385,809.979736328125
"Fukomys_mechowi",NA,NA,NA,NA,NA,NA
"Fukomys_ochraceocinereus",38.2360000610352,8.64400005340576,306,0,24.1034469604492,1499.12341308594
"Fukomys_zechi",38.4400024414062,18.3839988708496,249,1,27.8104095458984,1182.22973632812
"Funisciurus_anerythrus",37.7639999389648,-0.331999987363815,617,0,24.3395557403564,1663.14892578125
"Funisciurus_bayonii",34.3959999084473,7.96400022506714,285,0,22.4480171203613,1426.60388183594
"Funisciurus_carruthersi",32.9959983825684,-0.331999987363815,273,2,19.1387481689453,1385.82360839844
"Funisciurus_duchaillui",32.6959991455078,17.988000869751,364,2,25.1895656585693,1786.76318359375
"Funisciurus_pyrropus",40.2519989013672,-0.331999987363815,1115,0,24.5760726928711,1702.11901855469
"Funisciurus_substriatus",40.8800010681152,16,309,0,27.3844871520996,1074.77795410156
"Galago_gallarum",40.7120018005371,5.84400033950806,637,0,26.4611377716064,430.392517089844
"Galago_matschiei",32.7960014343262,-0.331999987363815,273,5,19.4561386108398,1394.60791015625
"Galago_moholi",39.5800018310547,-1.39199995994568,760,0,21.5705890655518,923.127075195312
"Galago_senegalensis",44.8359985351562,-8.61600017547607,1115,0,25.5762748718262,866.06884765625
"Galagoides_cocos",35.1599998474121,12.3319997787476,404,4,26.1757850646973,978.365356445312
"Galagoides_demidoff",40.423999786377,-0.331999987363815,1115,0,24.4703731536865,1651.58740234375
"Galagoides_granti",37.507999420166,3.97200012207031,412,0,24.1680736541748,959.129760742188
"Galagoides_orinus",32.4039993286133,6.65999984741211,391,0,18.8589706420898,1066.76037597656
"Galagoides_rondoensis",32.060001373291,13.7320003509521,267,7,24.1453628540039,1056.267578125
"Galagoides_thomasi",40.423999786377,-0.331999987363815,1115,0,24.1106967926025,1615.83056640625
"Galagoides_zanzibaricus",33.8959999084473,8.13599967956543,443,0,24.2024803161621,1238.14990234375
"Gazella_cuvieri",42.8680000305176,-6.86399984359741,102,0,16.840669631958,242.406753540039
"Gazella_dorcas",48.4599990844727,-10.7399997711182,238,0,24.5819625854492,62.8382720947266
"Gazella_leptoceros",45.7000007629395,-1.32000005245209,28,0,22.2722282409668,50.6541481018066
"Gazella_spekei",36.5480003356934,8.10400009155273,87,0,25.2426338195801,156.306335449219
"Genetta_abyssinica",42.4000015258789,-4.76800012588501,427,0,23.0922336578369,643.849304199219
"Genetta_angolensis",37.3159980773926,3.80800008773804,412,0,21.5217990875244,1065.95471191406
"Genetta_bourloni",37.2599983215332,9.70800018310547,900,4,25.2187595367432,2507.37451171875
"Genetta_genetta",44.8359985351562,-10.7399997711182,760,0,23.8648891448975,524.109313964844
"Genetta_maculata",42.1640014648438,-8.61600017547607,760,0,23.3995246887207,1100.11926269531
"Genetta_pardina",44.1479988098145,9.36800003051758,1115,0,26.6854114532471,1357.23168945312
"Genetta_piscivora",32.0960006713867,9.95199966430664,290,20,23.4277248382568,1746.24462890625
"Genetta_servalina",38.1520004272461,-2.81599998474121,637,0,23.9776954650879,1620.68566894531
"Genetta_thierryi",43.7999992370605,4.2960000038147,1115,0,26.3610286712646,1280.48791503906
"Genetta_tigrina",36.3720016479492,-5.23199987411499,202,5,16.4996280670166,579.195434570312
"Genetta_victoriae",34.1559982299805,-0.331999987363815,290,1,23.3607330322266,1704.60803222656
"Georychus_capensis",34.7599983215332,-5.74399995803833,202,3,16.2045993804932,594.092224121094
"Gerbilliscus_boehmi",39.5800018310547,3.33999991416931,755,0,20.9745903015137,1084.37683105469
"Gerbilliscus_brantsii",38.0879974365234,-6.41200017929077,232,0,19.9887733459473,504.817779541016
"Gerbilliscus_gambiana",43.7999992370605,12.3199996948242,464,0,27.605110168457,734.645935058594
"Gerbilliscus_guineae",42.015998840332,9.36800003051758,1104,0,26.7539558410645,1241.9033203125
"Gerbilliscus_inclusus",37.1359977722168,3.97200012207031,310,0,23.5902252197266,1064.54284667969
"Gerbilliscus_kempi",41.8680000305176,-0.331999987363815,1115,0,25.6656970977783,1229.259765625
"Gerbilliscus_leucogaster",39.5800018310547,-5.3439998626709,760,0,21.4972248077393,831.3662109375
"Gerbilliscus_nigricaudus",38.9480018615723,-2.81599998474121,637,0,25.2353668212891,512.014404296875
"Gerbilliscus_phillipsi",40.8839988708496,5.19999980926514,252,1,23.092248916626,672.949462890625
"Gerbilliscus_robustus",43.484001159668,-8.61600017547607,637,0,25.4403953552246,612.483215332031
"Gerbilliscus_validus",42.8920021057129,-0.331999987363815,760,0,23.1552238464355,1082.21997070312
"Gerbillurus_paeba",38.8120002746582,-6.2960000038147,333,0,19.9891242980957,329.893402099609
"Gerbillurus_vallinus",38.8120002746582,0.596000015735626,65,0,19.0500965118408,159.942291259766
"Gerbillus_acticola",42.015998840332,6.64400005340576,88,1,24.0144882202148,256.876098632812
"Gerbillus_amoenus",43.8720016479492,2.14800000190735,125,0,22.630012512207,25.3453559875488
"Gerbillus_andersoni",35.9799995422363,-0.65200001001358,149,0,19.6968784332275,124.976844787598
"Gerbillus_bottai",42.6559982299805,14.1960000991821,166,0,28.8478488922119,308.823608398438
"Gerbillus_brockmani",32.1559982299805,13.0080003738403,66,1,23.3762817382812,237.345733642578
"Gerbillus_campestris",45.8040008544922,-10.7399997711182,276,0,18.7833232879639,240.776000976562
"Gerbillus_cosensis",38.015998840332,7.09600019454956,402,0,24.6040515899658,458.047454833984
"Gerbillus_dunni",42.4000015258789,6.64400005340576,214,0,26.5088787078857,307.557342529297
"Gerbillus_famulus",39.560001373291,2.65599989891052,105,0,24.9613914489746,209.353210449219
"Gerbillus_floweri",37.8040008544922,1.27199995517731,59,0,19.8517665863037,44.6482086181641
"Gerbillus_gerbillus",48.4599990844727,-4.2039999961853,126,0,24.6811370849609,48.3285522460938
"Gerbillus_grobbeni",30.9519996643066,6.92000007629395,72,0,18.9974231719971,189.266036987305
"Gerbillus_harwoodi",33.9879989624023,-8.61600017547607,498,0,20.2360591888428,778.147399902344
"Gerbillus_hesperinus",28.8880004882812,8.00800037384033,60,0,18.1778945922852,287.201385498047
"Gerbillus_hoogstraali",34.6959991455078,-4.1560001373291,75,0,18.6923942565918,264.716918945312
"Gerbillus_jamesi",35.492000579834,6.16799974441528,61,2,19.3836326599121,404.254302978516
"Gerbillus_juliani",38.931999206543,17.7360000610352,149,0,27.4017353057861,436.183563232422
"Gerbillus_latastei",41.6640014648438,-0.924000024795532,81,0,20.1469326019287,130.775421142578
"Gerbillus_lowei",36.6759986877441,0.939999997615814,228,0,21.0363311767578,515.862976074219
"Gerbillus_mackillingini",NA,NA,NA,NA,NA,NA
"Gerbillus_maghrebi",36.5559997558594,-3.78800010681152,152,0,16.9063091278076,485.286010742188
"Gerbillus_muriculus",38.1839981079102,7.69199991226196,102,0,24.8218822479248,203.780990600586
"Gerbillus_nancillus",44.8359985351562,4.98400020599365,255,0,28.2903575897217,283.401824951172
"Gerbillus_nigeriae",40.3640022277832,12.8000001907349,68,0,26.0467128753662,65.3263778686523
"Gerbillus_occiduus",33.3759994506836,5.88800001144409,27,0,20.7646675109863,48.9384956359863
"Gerbillus_percivali",31.3719997406006,13.8920001983643,145,7,22.7262496948242,738.167602539062
"Gerbillus_perpallidus",35.923999786377,4.73999977111816,46,0,20.4821243286133,61.7979393005371
"Gerbillus_poecilops",42.9160003662109,4.60799980163574,98,0,27.9175853729248,146.015640258789
"Gerbillus_principulus",38.9280014038086,4.98400020599365,96,0,23.663444519043,173.256774902344
"Gerbillus_pulvinatus",38.0279998779297,13.1599998474121,196,6,26.1472015380859,760.949951171875
"Gerbillus_pusillus",40.7120018005371,1.17200005054474,363,0,24.995979309082,518.280395507812
"Gerbillus_pyramidum",44.8359985351562,-3.60400009155273,180,0,26.0108604431152,77.1597290039062
"Gerbillus_rosalinda",40.5,10.3159999847412,173,0,27.3433246612549,401.500244140625
"Gerbillus_rupicola",43.1720008850098,12.2760000228882,178,0,28.2428722381592,307.555419921875
"Gerbillus_simoni",40.9400024414062,-3.83999991416931,110,0,18.0353870391846,232.05143737793
"Gerbillus_somalicus",42.4000015258789,6.64400005340576,88,0,26.0701065063477,217.674621582031
"Gerbillus_stigmonyx",42.6559982299805,14.0640001296997,127,0,29.1396312713623,231.220596313477
"Gerbillus_tarabuli",48.4599990844727,-3.78399991989136,157,0,25.1214847564697,62.8911361694336
"Gerbillus_watersi",44.1279983520508,8.21199989318848,80,0,27.2571907043457,52.537784576416
"Giraffa_camelopardalis",41.2159996032715,-1.53999996185303,394,0,23.2288646697998,610.986083984375
"Glauconycteris_alboguttata",33.0919990539551,4.2960000038147,683,17,24.7570667266846,1871.82092285156
"Glauconycteris_argentata",35.5320014953613,-8.61600017547607,760,0,23.3901844024658,1447.17126464844
"Glauconycteris_egeria",32.8840026855469,-0.331999987363815,683,13,24.352912902832,1765.60534667969
"Glauconycteris_gleni",30.1960010528564,15.9359998703003,296,29,22.8409881591797,1428.03796386719
"Glauconycteris_humeralis",32.6080017089844,-0.331999987363815,297,16,23.2691440582275,1607.88452148438
"Glauconycteris_kenyacola",33.431999206543,21.7000007629395,231,9,27.0689525604248,851.597290039062
"Glauconycteris_machadoi",33.2200012207031,8.53999996185303,227,0,21.5404148101807,1242.16760253906
"Glauconycteris_superba",35.0480003356934,15.1840000152588,357,15,24.866039276123,1833.88427734375
"Glauconycteris_variegata",41.6079978942871,-8.61600017547607,760,0,23.37473487854,1044.25219726562
"Gorilla_beringei",29.6599998474121,3.33999991416931,274,11,20.8925342559814,1670.90283203125
"Grammomys_aridulus",38.9160003662109,0.939999997615814,228,0,23.3014106750488,486.718292236328
"Grammomys_buntingi",38.9080009460449,11.9079999923706,940,1,25.7175998687744,2113.01879882812
"Grammomys_caniceps",36.5519981384277,18.5799999237061,404,0,26.6409072875977,631.824890136719
"Grammomys_cometes",37.1359977722168,-3.96399998664856,333,0,21.7451457977295,743.729858398438
"Grammomys_dolichurus",39.5800018310547,-8.61600017547607,760,0,21.6428089141846,1010.69580078125
"Grammomys_dryas",30.7600002288818,-0.331999987363815,256,8,16.8034763336182,1480.53942871094
"Grammomys_gigas",24.1280002593994,-2.81599998474121,396,21,11.1575326919556,1483.90075683594
"Grammomys_ibeanus",38.2360000610352,-2.81599998474121,753,0,19.5211925506592,962.953979492188
"Grammomys_macmillani",38.2680015563965,-3.64400005340576,498,0,24.8666305541992,1143.51831054688
"Grammomys_minnae",33.568000793457,5.19999980926514,247,12,21.0502376556396,1103.10607910156
"Grammomys_selousi",30.7679996490479,16.5400009155273,233,5,24.0725002288818,1055.51062011719
"Graphiurus_angolensis",34.3959999084473,5.19599962234497,300,0,20.4516658782959,1237.17578125
"Graphiurus_christyi",33.7480010986328,-0.287999987602234,256,14,23.193151473999,1676.2333984375
"Graphiurus_johnstoni",33.9480018615723,8.31599998474121,302,4,21.5682907104492,1098.18432617188
"Graphiurus_kelleni",42.8920021057129,-8.61600017547607,681,0,24.4865112304688,918.693359375
"Graphiurus_lorraineus",38.8839988708496,1.42799997329712,999,0,24.3551044464111,1677.00415039062
"Graphiurus_microtis",42.1640014648438,-0.331999987363815,760,0,21.8847522735596,766.265930175781
"Graphiurus_monardi",34.7680015563965,4.96799993515015,285,0,20.3326930999756,1185.92041015625
"Graphiurus_murinus",38.0400009155273,-6.41200017929077,760,0,18.569263458252,829.265808105469
"Graphiurus_ocularis",36.3720016479492,-6.2960000038147,130,2,16.3774967193604,364.615112304688
"Graphiurus_platyops",34.4519996643066,-0.00400000018998981,333,0,19.6299991607666,625.229614257812
"Graphiurus_rupicola",36.1679992675781,0.596000015735626,112,0,18.9688034057617,257.882141113281
"Heliophobius_argenteocinereus",39.507999420166,-8.61600017547607,760,0,22.5976638793945,1023.31530761719
"Heliosciurus_gambianus",41.1959991455078,-4.76800012588501,755,0,24.6501426696777,1162.81652832031
"Heliosciurus_mutabilis",39.5800018310547,1.79999995231628,760,0,23.2721004486084,1043.90356445312
"Heliosciurus_rufobrachium",40.2519989013672,-0.331999987363815,1115,0,24.8340797424316,1640.66333007812
"Heliosciurus_ruwenzorii",32.2000007629395,-0.331999987363815,273,1,19.2885417938232,1335.45446777344
"Heliosciurus_undulatus",34.3320007324219,-8.61600017547607,498,0,23.550443649292,864.78125
"Helogale_hirtula",40.7120018005371,12.2960004806519,273,0,26.8787403106689,364.280059814453
"Helogale_parvula",42.4000015258789,-8.61600017547607,760,0,22.6394329071045,832.199401855469
"Herpestes_ichneumon",44.6759986877441,-14.8240003585815,1115,0,23.4706954956055,931.217651367188
"Herpestes_naso",34.9640007019043,4.2960000038147,683,0,24.2301845550537,1706.27221679688
"Herpestes_ochraceus",41.9039993286133,5.97599983215332,149,0,26.2615928649902,261.074340820312
"Herpestes_pulverulentus",38.8120002746582,-6.41200017929077,202,0,16.6970672607422,375.631256103516
"Herpestes_sanguineus",44.2599983215332,-8.61600017547607,1115,0,23.9121112823486,933.9755859375
"Heterocephalus_glaber",40.9119987487793,1.17200005054474,637,0,25.7545909881592,376.623382568359
"Heterohyrax_brucei",43.2879981994629,-8.61600017547607,760,0,23.1083583831787,781.065795898438
"Hippopotamus_amphibius",41.8880004882812,-0.927999973297119,737,0,23.8384094238281,904.252502441406
"Hipposideros_abae",40.3840026855469,8.48799991607666,1115,0,26.039701461792,1392.8203125
"Hipposideros_beatus",35.8720016479492,4.2960000038147,900,3,24.6753616333008,1816.29028320312
"Hipposideros_caffer",42.9519996643066,-9.80399990081787,992,0,23.3666172027588,946.099365234375
"Hipposideros_fuliginosus",37.5880012512207,-0.331999987363815,683,2,24.5705490112305,1791.77453613281
"Hipposideros_gigas",39.5719985961914,-0.331999987363815,875,0,24.8435497283936,1599.54431152344
"Hipposideros_jonesi",41.9039993286133,9.36800003051758,972,0,26.6023616790771,1231.37280273438
"Hipposideros_lamottei",35.1959991455078,11.9079999923706,351,12,23.6364612579346,1872.34008789062
"Hipposideros_marisae",36.0839996337891,10.8719997406006,433,11,24.9180335998535,1938.60632324219
"Hipposideros_megalotis",41.5719985961914,-4.76800012588501,637,0,22.1739273071289,702.698486328125
"Hipposideros_ruber",42.9000015258789,-8.61600017547607,1115,0,24.3392505645752,1344.5810546875
"Hipposideros_vittatus",40.7120018005371,-8.61600017547607,1105,0,22.3931407928467,844.327453613281
"Hippotragus_equinus",42.9480018615723,1.05599999427795,719,0,24.4454078674316,962.802185058594
"Hippotragus_niger",39.5800018310547,0.643999993801117,760,0,22.0836849212646,939.456420898438
"Huetia_leucorhina",34.7280006408691,10.9119997024536,365,0,24.0232372283936,1574.85729980469
"Hybomys_lunaris",28.7479991912842,-0.331999987363815,241,44,14.1616640090942,1562.84997558594
"Hybomys_planifrons",39.1559982299805,9.36800003051758,1023,1,25.4998416900635,2480.65502929688
"Hybomys_univittatus",34.0120010375977,3.33999991416931,683,0,24.1322536468506,1743.36206054688
"Hydrictis_maculicollis",43.1359977722168,-5.7960000038147,1115,0,23.330249786377,1259.55895996094
"Hyemoschus_aquaticus",38.3120002746582,-0.331999987363815,900,0,24.53053855896,1804.53784179688
"Hylochoerus_meinertzhageni",40.2519989013672,-2.81599998474121,1115,0,24.0047378540039,1660.34387207031
"Hylomyscus_aeta",34.7680015563965,-0.331999987363815,683,0,23.9660949707031,1672.54138183594
"Hylomyscus_denniae",30.2159996032715,-0.331999987363815,241,27,20.6242713928223,1274.86682128906
"Hylomyscus_grandis",30.7119998931885,8.48799991607666,366,8,17.91552734375,2004.3876953125
"Hylomyscus_pamfi",36.4039993286133,16.5279998779297,303,2,26.4940414428711,1258.13842773438
"Hylomyscus_parvus",33.8600006103516,11.0839996337891,457,3,24.0419025421143,1650.82250976562
"Hylomyscus_stella",32.4360008239746,-0.331999987363815,279,2,21.9798202514648,1555.04333496094
"Hystrix_africaeaustralis",39.5800018310547,-6.41200017929077,760,0,21.0817222595215,800.986267089844
"Hystrix_cristata",43,-10.7399997711182,1115,0,23.1581974029541,1075.21228027344
"Ichneumia_albicauda",44.6520004272461,-8.61600017547607,1115,0,24.1497592926025,893.940856933594
"Ictonyx_libycus",46.1599998474121,-6.07599973678589,290,0,24.6780452728271,245.965957641602
"Ictonyx_striatus",44.8359985351562,-8.61600017547607,760,0,23.7327575683594,703.44482421875
"Jaculus_orientalis",40.076000213623,-8.19600009918213,276,0,16.6846046447754,366.715362548828
"Kerivoula_africana",34,9.55200004577637,348,6,25.7504901885986,1059.71752929688
"Kerivoula_argentata",39.5800018310547,-8.61600017547607,760,0,21.8979263305664,1035.73583984375
"Kerivoula_cuprosa",36.9599990844727,10.2880001068115,402,2,25.0373458862305,1661.66516113281
"Kerivoula_eriophora",33.923999786377,11.9359998703003,235,7,23.0982913970947,785.363403320312
"Kerivoula_lanosa",39.976001739502,-8.61600017547607,760,0,23.1152591705322,1193.65954589844
"Kerivoula_phalaena",36.6959991455078,-0.331999987363815,868,2,24.602710723877,1730.89831542969
"Kerivoula_smithii",35.4560012817383,-0.331999987363815,683,5,24.2647876739502,1794.98303222656
"Kobus_ellipsiprymnus",43.7999992370605,-8.61600017547607,1085,0,24.041597366333,1043.09338378906
"Kobus_kob",41.9680023193359,-0.331999987363815,912,0,26.2402267456055,1146.17102050781
"Kobus_leche",37.2439994812012,4.44400024414062,295,0,21.9943790435791,828.2041015625
"Kobus_megaceros",39.7560005187988,17.2880001068115,205,0,27.620153427124,830.032531738281
"Kobus_vardonii",37.015998840332,4.62799978256226,390,0,21.5137805938721,1078.21606445312
"Laephotis_angolensis",33.6759986877441,5.0959997177124,284,0,20.4743118286133,1290.63049316406
"Laephotis_botswanae",36.3359985351562,1.432000041008,408,0,20.6861343383789,736.054016113281
"Laephotis_wintoni",38.5839996337891,-8.61600017547607,760,0,21.5081214904785,935.581726074219
"Lamottemys_okuensis",30.7119998931885,8.48799991607666,366,8,17.980396270752,2005.59350585938
"Lavia_frons",42.8920021057129,-8.61600017547607,760,0,25.0141105651855,1161.31433105469
"Leimacomys_buettneri",33.523998260498,18.6399993896484,251,4,25.0171451568604,1365.10925292969
"Lemniscomys_barbarus",37.8040008544922,-9.80399990081787,276,0,16.9668521881104,508.373931884766
"Lemniscomys_bellieri",38.3559989929199,13.7239999771118,329,0,26.7167224884033,1096.73010253906
"Lemniscomys_griselda",34.0200004577637,4.2480001449585,300,0,20.618257522583,1250.23022460938
"Lemniscomys_hoogstraali",39.6640014648438,18.8999996185303,155,0,28.3190231323242,642.203674316406
"Lemniscomys_linulus",41.7000007629395,10.460000038147,390,0,26.6860866546631,1192.45080566406
"Lemniscomys_macculus",39.7560005187988,-0.331999987363815,357,0,23.2744407653809,1234.59680175781
"Lemniscomys_mittendorfi",30.3320007324219,8.48799991607666,366,8,17.8627853393555,2007.58898925781
"Lemniscomys_rosalia",39.5800018310547,-8.61600017547607,498,0,21.8513412475586,693.870544433594
"Lemniscomys_roseveari",33.2400016784668,4.82399988174438,255,0,20.3285331726074,1128.66125488281
"Lemniscomys_striatus",40.1679992675781,-2.81599998474121,1022,0,24.0691452026367,1394.56616210938
"Lemniscomys_zebra",42.1640014648438,-8.61600017547607,653,0,25.9096183776855,897.103515625
"Leptailurus_serval",43.2360000610352,-8.61600017547607,1115,0,23.707103729248,995.002685546875
"Lepus_fagani",39.0439987182617,-2.51600003242493,464,1,19.0610675811768,1321.94079589844
"Lepus_habessinicus",43.2879981994629,-2.75600004196167,256,0,24.9504470825195,387.139495849609
"Lepus_saxatilis",38.5960006713867,-2.58399987220764,130,1,17.0356044769287,254.367172241211
"Lepus_starcki",36.023998260498,-2.75600004196167,335,2,15.8004865646362,1026.81408691406
"Lepus_victoriae",45.6920013427734,-8.61600017547607,1109,0,24.1395969390869,857.697998046875
"Lissonycteris_angolensis",40.2519989013672,-8.61600017547607,1115,0,23.5990428924561,1304.52258300781
"Litocranius_walleri",41.7080001831055,-8.61600017547607,498,0,25.5529479980469,383.674774169922
"Lophiomys_imhausi",43.2879981994629,-2.81599998474121,637,0,22.276460647583,606.449829101562
"Lophocebus_albigena",34,-0.331999987363815,617,0,23.7951545715332,1692.84448242188
"Lophocebus_aterrimus",33.0919990539551,11.2559995651245,263,1,24.7305374145508,1775.61840820312
"Lophuromys_brevicaudus",31.4400005340576,-2.75600004196167,255,8,12.3176870346069,1127.98022460938
"Lophuromys_chrysopus",34.6839981079102,-2.75600004196167,276,6,19.7542629241943,1259.0234375
"Lophuromys_cinereus",23.6959991455078,8.26000022888184,254,26,14.4390592575073,1912.36938476562
"Lophuromys_dieterleni",30.7119998931885,8.48799991607666,366,8,17.8519496917725,2005.7626953125
"Lophuromys_eisentrauti",30.0919990539551,12.3959999084473,382,11,19.2018718719482,2095.39086914062
"Lophuromys_flavopunctatus",38.1520004272461,-8.61600017547607,760,0,23.364803314209,1576.99938964844
"Lophuromys_huttereri",32.2000007629395,19.0359992980957,252,54,25.0152015686035,1870.07189941406
"Lophuromys_luteogaster",31.3079986572266,11.8400001525879,238,29,23.109525680542,1642.43957519531
"Lophuromys_medicaudatus",26.5440006256104,3.33999991416931,257,12,15.6058416366577,1632.51489257812
"Lophuromys_melanonyx",29.5399990081787,-2.75600004196167,255,7,11.6730585098267,1121.142578125
"Lophuromys_rahmi",26.8239994049072,8.08800029754639,257,4,16.3356189727783,1606.54736328125
"Lophuromys_sikapusi",38.3120002746582,-0.331999987363815,974,0,24.3388347625732,1638.14782714844
"Lophuromys_woosnami",32.9959983825684,-0.331999987363815,273,2,18.5051021575928,1349.40002441406
"Loxodonta_africana",43.3600006103516,-0.0759999975562096,800,0,24.0448207855225,1089.57934570312
"Lycaon_pictus",41.8680000305176,0.199999988079071,404,0,23.5317802429199,659.841003417969
"Lynx_pardinus",36.3880004882812,0.232000008225441,95,1,16.9224910736084,477.366516113281
"Macaca_sylvanus",37.3040008544922,-10.7399997711182,232,0,13.117600440979,512.341125488281
"Macroscelides_micus",31.007999420166,10.1000003814697,46,0,20.8517971038818,97.6229858398438
"Macroscelides_proboscideus",38.8120002746582,-6.2960000038147,107,0,17.8227577209473,217.020111083984
"Madoqua_guentheri",40.7120018005371,5.19999980926514,637,0,25.7476081848145,468.401336669922
"Madoqua_piacentinii",38.3320007324219,17.3039989471436,123,0,27.2766189575195,299.172546386719
"Madoqua_saltiana",42.4599990844727,4.59600019454956,252,0,26.1800689697266,299.673767089844
"Malacothrix_typica",38.8120002746582,-6.2960000038147,156,0,18.9709053039551,299.658660888672
"Massoutiera_mzabi",46.4480018615723,-2.60400009155273,73,0,24.0163974761963,37.2504920959473
"Mastomys_awashensis",38.0400009155273,2.96799993515015,248,2,21.193431854248,694.807434082031
"Mastomys_coucha",36.6240005493164,-6.2960000038147,333,0,18.8602828979492,480.937377929688
"Mastomys_erythroleucus",44.8359985351562,-6.71999979019165,1115,0,26.294620513916,1029.71899414062
"Mastomys_huberti",43.5120010375977,11.076000213623,1056,0,27.8017349243164,665.497192382812
"Mastomys_kollmannspergeri",43.1359977722168,0.939999997615814,275,0,27.4126605987549,353.509826660156
"Mastomys_natalensis",44.3120002746582,-8.61600017547607,1115,0,24.0633506774902,1037.27783203125
"Mastomys_pernanus",33.6679992675781,8.13599967956543,364,0,20.8554878234863,1044.92639160156
"Mastomys_shortridgei",36.0999984741211,4.52799987792969,211,0,22.0379848480225,659.335083007812
"Megadendromus_nikolausi",25.7840003967285,-2.75600004196167,255,10,10.6029214859009,1158.32360839844
"Megaloglossus_woermanni",35.2280006408691,-0.331999987363815,683,0,24.0849914550781,1650.60949707031
"Meriones_grandis",42.3199996948242,-10.7399997711182,276,0,16.6714553833008,353.779266357422
"Meriones_sacramenti",33.7480010986328,4.48000001907349,141,0,19.5366382598877,262.910797119141
"Meriones_shawi",41.5400009155273,-3.83999991416931,276,0,17.895393371582,288.887878417969
"Microdillus_peeli",40.2959976196289,11,105,0,26.6454639434814,266.498870849609
"Micropotamogale_lamottei",35.4680023193359,11.3079996109009,422,12,24.3382949829102,2059.9697265625
"Micropotamogale_ruwenzorii",30.8680000305176,-0.331999987363815,273,6,17.7228412628174,1517.23596191406
"Micropteropus_intermedius",32.9599990844727,11.2080001831055,272,0,23.4352703094482,1466.14721679688
"Micropteropus_pusillus",40.8279991149902,-0.331999987363815,1115,0,24.8427829742432,1369.70275878906
"Mimetillus_moloneyi",39.5800018310547,-8.61600017547607,868,0,23.1287078857422,1268.02099609375
"Miniopterus_fraterculus",39.5800018310547,-3.84400010108948,760,0,21.2371673583984,932.372985839844
"Miniopterus_griveaudi",31.6416664123535,8.20400047302246,379,31,22.8449268341064,2306.33666992188
"Miniopterus_inflatus",36.5319976806641,-2.75600004196167,447,0,23.7035484313965,1546.48413085938
"Miniopterus_minor",34.3320007324219,9.22000026702881,361,0,24.3067359924316,1390.74389648438
"Miniopterus_natalensis",42.9160003662109,-6.41200017929077,760,0,21.028470993042,660.928466796875
"Mops_brachypterus",38.8240013122559,-0.331999987363815,900,0,24.7414417266846,1726.15454101562
"Mops_condylurus",42.8920021057129,-8.61600017547607,1115,0,24.2124919891357,1110.7255859375
"Mops_congicus",33.1679992675781,10.7200002670288,338,10,24.1163578033447,1666.49658203125
"Mops_demonstrator",42.8920021057129,10.0080003738403,340,0,26.3941421508789,1076.0146484375
"Mops_nanulus",38.7360000610352,-0.331999987363815,900,0,24.4187660217285,1732.09484863281
"Mops_niangarae",34.3199996948242,16.3079986572266,226,6,24.5309429168701,1651.12023925781
"Mops_niveiventer",38.5839996337891,3.80800008773804,300,0,21.8125,1208.55944824219
"Mops_thersites",36.4440002441406,-0.331999987363815,900,2,24.4624710083008,1753.61437988281
"Mungos_gambianus",40.6119995117188,9.36800003051758,1115,0,26.3125762939453,1536.95190429688
"Mungos_mungo",42.6359977722168,-8.61600017547607,897,0,23.5496730804443,940.357482910156
"Muriculus_imberbis",35.1879997253418,-4.76800012588501,410,1,16.0490398406982,1090.03479003906
"Mus_baoulei",37.5639991760254,11.4799995422363,391,2,26.0248146057129,1184.49035644531
"Mus_bufo",32.9959983825684,-0.331999987363815,273,1,18.6524829864502,1349.63305664062
"Mus_callewaerti",33.9799995422363,7.7960000038147,242,0,21.1263236999512,1148.16430664062
"Mus_goundae",34.8320007324219,14.9280004501343,223,0,24.5905323028564,1169.72241210938
"Mus_haussa",44.8359985351562,11.0279998779297,321,0,28.1822071075439,489.578216552734
"Mus_indutus",37.6959991455078,-0.335999995470047,209,0,21.4625282287598,439.623260498047
"Mus_mahomet",40.4640007019043,-4.76800012588501,464,0,19.0312900543213,1113.28637695312
"Mus_mattheyi",41.3240013122559,12.9879999160767,338,0,26.7391948699951,1120.9052734375
"Mus_minutoides",39.5800018310547,-8.61600017547607,760,0,21.7907676696777,1018.83087158203
"Mus_musculoides",40.6119995117188,4.2960000038147,1023,0,25.8171062469482,1509.9462890625
"Mus_neavei",38.4000015258789,9.86800003051758,209,0,24.3202648162842,764.158142089844
"Mus_orangiae",NA,NA,NA,NA,NA,NA
"Mus_oubanguii",35.3759994506836,13.7440004348755,253,4,24.7255935668945,1526.92626953125
"Mus_setzeri",36.3759994506836,4.2039999961853,217,0,22.1827030181885,530.05078125
"Mus_sorella",34.423999786377,13.6120004653931,236,0,24.3119010925293,1437.64440917969
"Mus_tenellus",42.6279983520508,-2.75600004196167,464,0,21.8828582763672,945.659423828125
"Mus_triton",39.5800018310547,-8.61600017547607,760,0,20.842134475708,1114.30322265625
"Mustela_subpalmata",42.484001159668,4.01599979400635,55,0,20.8135375976562,57.098819732666
"Mylomys_dybowskii",38.2639999389648,-2.81599998474121,760,0,23.6171092987061,1418.416015625
"Mylomys_rex",30.8159999847412,10.1639995574951,200,25,20.5110130310059,1419.97155761719
"Myomyscus_brockmani",40.8359985351562,-8.61600017547607,498,0,23.6110534667969,1006.24432373047
"Myonycteris_relicta",34.3320007324219,6.65999984741211,397,0,24.6446418762207,1041.71862792969
"Myonycteris_torquata",36.7680015563965,-0.331999987363815,683,0,24.0495529174805,1619.07409667969
"Myopterus_daubentonii",42.9480018615723,10.5279998779297,370,0,26.0410652160645,1230.9521484375
"Myopterus_whitleyi",34.068000793457,4.2960000038147,683,1,24.5500755310059,1780.47827148438
"Myosorex_babaulti",31.6200008392334,3.33999991416931,257,1,17.0682277679443,1505.67834472656
"Myosorex_blarina",28.7479991912842,-0.331999987363815,241,44,14.3107099533081,1556.00476074219
"Myosorex_bururiensis",26.8239994049072,9.01200008392334,221,4,16.9497528076172,1432.87854003906
"Myosorex_cafer",35.6240005493164,-0.376000016927719,312,0,18.4838638305664,864.531677246094
"Myosorex_geata",31.1800003051758,8.13599967956543,329,9,18.07399559021,1498.181640625
"Myosorex_gnoskei",32.1879997253418,4.13199996948242,301,0,16.7955627441406,1199.65344238281
"Myosorex_jejei",20.8840007781982,8.26000022888184,245,29,13.895133972168,1933.40563964844
"Myosorex_kihaulei",29.9039993286133,8.70800018310547,381,1,17.5723114013672,1151.84411621094
"Myosorex_longicaudatus",29.8320007324219,2.48399996757507,107,19,16.1573123931885,534.48828125
"Myosorex_okuensis",32.4440002441406,8.48799991607666,409,5,20.2399768829346,2018.72424316406
"Myosorex_rumpii",28.9160003662109,16.3479995727539,430,20,22.3517742156982,2660.17797851562
"Myosorex_schalleri",23.5200004577637,9.84799957275391,241,15,16.5173988342285,1737.12658691406
"Myosorex_sclateri",30.4799995422363,2.40799999237061,159,11,19.7161464691162,981.393920898438
"Myosorex_tenuis",27.2600002288818,-0.587999999523163,151,7,14.0025787353516,787.015747070312
"Myosorex_varius",34.3199996948242,-6.41200017929077,232,2,16.5934581756592,669.398864746094
"Myosorex_zinki",25.7360000610352,-8.61600017547607,321,4,9.65926170349121,1356.79052734375
"Myotis_bocagii",39.7239990234375,-2.81599998474121,790,0,22.7154102325439,1351.28088378906
"Myotis_dieteri",32.0439987182617,17.3640003204346,220,0,25.1974620819092,1170.86291503906
"Myotis_morrisi",38.4959983825684,11.7720003128052,386,0,24.6488285064697,1311.40344238281
"Myotis_punicus",40.9400024414062,-10.7399997711182,276,0,16.261682510376,399.225128173828
"Myotis_scotti",38.0400009155273,-2.75600004196167,410,2,18.6014728546143,1146.79016113281
"Myotis_tricolor",39.5800018310547,-8.61600017547607,760,0,21.3365955352783,1007.28747558594
"Myotis_welwitschii",39.5800018310547,-8.61600017547607,760,0,21.6251907348633,990.692199707031
"Mystromys_albicaudatus",34.8440017700195,-6.41200017929077,202,2,15.8461360931396,594.626708984375
"Nandinia_binotata",40.423999786377,-8.61600017547607,1115,0,23.9332942962646,1518.07080078125
"Nanger_dama",43.9000015258789,5.71999979019165,116,0,28.0721321105957,93.9735260009766
"Nanger_granti",38.6959991455078,-8.61600017547607,637,0,24.1885395050049,570.116943359375
"Nanger_soemmerringii",41.7879981994629,5.73600006103516,246,0,27.2099666595459,324.419403076172
"Nanonycteris_veldkampii",39.2280006408691,4.2960000038147,900,0,25.672643661499,1582.49755859375
"Neamblysomus_gunningi",31.9519996643066,3.18799996376038,333,3,19.2930679321289,840.306030273438
"Neamblysomus_julianae",31.7800006866455,1.75199997425079,193,3,19.52490234375,678.485595703125
"Neoromicia_capensis",43.0839996337891,-8.61600017547607,787,0,22.7920913696289,1035.01538085938
"Neoromicia_flavescens",36.1279983520508,5.51599979400635,441,0,22.8676490783691,1854.98254394531
"Neoromicia_guineensis",41.3600006103516,9.23600006103516,1115,0,26.2584171295166,1161.36694335938
"Neoromicia_helios",40.8240013122559,-8.61600017547607,637,0,23.740592956543,751.935363769531
"Neoromicia_melckorum",39.5800018310547,1.79199993610382,760,0,21.5745582580566,986.549682617188
"Neoromicia_nana",41.6559982299805,-8.61600017547607,1115,0,23.3942127227783,1277.29711914062
"Neoromicia_rendalli",43.6319999694824,-8.61600017547607,1115,0,24.5419635772705,1091.84143066406
"Neoromicia_somalica",42.9519996643066,-8.61600017547607,985,0,24.7402877807617,1258.91540527344
"Neoromicia_tenuipinnis",40.2519989013672,-8.61600017547607,1115,0,24.3823795318604,1581.40856933594
"Neoromicia_zuluensis",39.5800018310547,-6.41200017929077,637,0,20.6214981079102,703.876525878906
"Nesotragus_moschatus",39.5800018310547,-8.61600017547607,760,0,23.4157161712646,956.690551757812
"Nycteris_arge",38.576000213623,-0.331999987363815,791,0,24.2578868865967,1612.6396484375
"Nycteris_aurita",40.7120018005371,-8.61600017547607,637,0,24.2487545013428,626.510986328125
"Nycteris_gambiensis",43.7999992370605,9.36800003051758,1115,0,26.8914356231689,1176.24780273438
"Nycteris_grandis",40.2519989013672,1.79199993610382,1115,0,24.5965480804443,1565.19360351562
"Nycteris_hispida",42.9160003662109,-2.81599998474121,1115,0,24.3389263153076,1214.99438476562
"Nycteris_intermedia",36.8880004882812,3.90799999237061,683,0,24.3070831298828,1643.59338378906
"Nycteris_macrotis",43.4360008239746,-8.61600017547607,1115,0,24.5261268615723,1187.62487792969
"Nycteris_major",35.8720016479492,4.2960000038147,683,0,24.3989944458008,1703.669921875
"Nycteris_nana",37.6640014648438,-0.331999987363815,617,0,24.2549095153809,1631.5341796875
"Nycteris_parisii",38.9480018615723,11.2200002670288,256,0,25.7781276702881,429.379364013672
"Nycteris_thebaica",44.1279983520508,-8.61600017547607,1115,0,23.6659278869629,823.713073730469
"Nycteris_vinsoni",32.5999984741211,11.4320001602173,154,4,23.7506771087646,683.540100097656
"Nycteris_woodi",39.5800018310547,1.79199993610382,352,0,21.5433692932129,735.164489746094
"Nycticeinops_schlieffeni",43.6199989318848,-8.61600017547607,637,0,24.3604507446289,740.176147460938
"Oenomys_hypoxanthus",38.9799995422363,-0.331999987363815,683,0,23.7416152954102,1562.49084472656
"Oenomys_ornatus",36.9959983825684,10.8719997406006,523,6,25.5312194824219,1659.65637207031
"Okapia_johnstoni",33.7239990234375,7.63600015640259,241,29,23.8121433258057,1708.71923828125
"Oreotragus_oreotragus",42.8959999084473,-8.61600017547607,760,0,21.2190780639648,791.13330078125
"Orycteropus_afer",44.8359985351562,-8.61600017547607,1115,0,23.892749786377,909.178649902344
"Oryx_beisa",40.8559989929199,-8.61600017547607,637,0,25.1981773376465,495.098876953125
"Oryx_gazella",38.8120002746582,-4.14799976348877,164,0,20.2112197875977,307.279235839844
"Otocyon_megalotis",40.7120018005371,-8.61600017547607,637,0,21.7749519348145,506.859375
"Otolemur_crassicaudatus",39.5800018310547,-8.61600017547607,760,0,21.921838760376,1022.85900878906
"Otolemur_garnettii",36.7919998168945,-8.61600017547607,637,0,23.2782497406006,961.555541992188
"Otomops_martiensseni",39.8639984130859,-0.783999979496002,760,0,23.2179336547852,1262.59301757812
"Otomys_anchietae",32.2719993591309,5.73999977111816,290,0,20.1201553344727,1310.56665039062
"Otomys_angoniensis",37.4560012817383,-8.61600017547607,498,0,19.0145301818848,884.292724609375
"Otomys_barbouri",26.3239994049072,0.712000012397766,258,34,9.79910087585449,1556.71252441406
"Otomys_denti",32.9959983825684,-0.331999987363815,273,2,19.0331268310547,1342.89770507812
"Otomys_irroratus",36.3199996948242,-2.43199992179871,130,2,16.8031730651855,404.636932373047
"Otomys_lacustris",32.6879997253418,1.79999995231628,724,0,18.7464046478271,1032.21252441406
"Otomys_laminatus",32.0279998779297,-1.7960000038147,202,7,17.4406871795654,871.886535644531
"Otomys_occidentalis",35.5999984741211,8.48799991607666,369,1,22.8928127288818,1743.81799316406
"Otomys_saundersiae",NA,NA,NA,NA,NA,NA
"Otomys_sloggetti",33.7480010986328,-6.41200017929077,202,5,14.096643447876,586.686279296875
"Otomys_tropicalis",37.5,-2.81599998474121,412,2,19.4027290344238,1202.69189453125
"Otomys_typus",40.0359992980957,-4.76800012588501,431,0,18.7576370239258,1169.82299804688
"Otomys_unisulcatus",38.8120002746582,-6.2960000038147,130,1,16.8146553039551,291.305206298828
"Ourebia_ourebi",43.7999992370605,-6.41200017929077,703,0,24.0484981536865,1015.95440673828
"Pachyuromys_duprasi",46.8800010681152,-10.7399997711182,276,0,19.1208305358887,193.900192260742
"Pan_paniscus",33.0919990539551,17.7000007629395,263,8,24.8555965423584,1862.5263671875
"Pan_troglodytes",41.2200012207031,-0.331999987363815,1115,0,24.4030303955078,1732.75305175781
"Panthera_leo",41.6079978942871,-8.61600017547607,401,0,23.450532913208,814.79345703125
"Papio_anubis",43.7319984436035,-8.61600017547607,637,0,25.4805068969727,953.69873046875
"Papio_cynocephalus",40.7120018005371,-8.61600017547607,760,0,23.6344032287598,886.388122558594
"Papio_hamadryas",42.4000015258789,-4.76800012588501,331,0,24.1194801330566,392.284790039062
"Papio_kindae",39.5800018310547,3.80800008773804,300,0,22.0788288116455,1220.21899414062
"Papio_papio",44.2599983215332,11.6639995574951,1115,0,27.8205680847168,1038.78686523438
"Papio_ursinus",39.4400024414062,-6.41200017929077,333,0,19.9078350067139,508.416290283203
"Paracrocidura_graueri",29.923999786377,6.94799995422363,259,9,17.4536819458008,1579.8544921875
"Paracrocidura_maxima",33.3040008544922,-0.331999987363815,279,3,16.603141784668,1560.54309082031
"Paracynictis_selousi",38.5839996337891,2.42400002479553,408,0,21.2639827728271,770.415649414062
"Parahyaena_brunnea",38.8120002746582,-6.2960000038147,333,0,19.8934230804443,404.691436767578
"Paraxerus_alexandri",33.2840003967285,-0.331999987363815,272,14,22.6816062927246,1636.60278320312
"Paraxerus_boehmi",38.976001739502,-0.331999987363815,354,0,22.9775505065918,1481.57470703125
"Paraxerus_cepapi",39.5800018310547,1.05599999427795,760,0,21.8024387359619,797.116760253906
"Paraxerus_flavovittis",36.3040008544922,5.51599979400635,414,0,24.0530300140381,1124.00122070312
"Paraxerus_lucifer",30.988000869751,1.79999995231628,588,0,17.4825572967529,1270.38122558594
"Paraxerus_ochraceus",37.5439987182617,-8.61600017547607,637,0,22.306173324585,729.241821289062
"Paraxerus_palliatus",38.8360023498535,-1.00800001621246,498,0,23.8708534240723,902.431701660156
"Paraxerus_vexillarius",33.8733329772949,-0.124000012874603,498,0,19.3233833312988,1190.88354492188
"Paraxerus_vincenti",34.0359992980957,7.87199974060059,340,7,20.4542903900146,1505.97973632812
"Parotomys_brantsii",38.8120002746582,-6.2960000038147,97,0,18.0540103912354,254.450424194336
"Pectinator_spekei",42.4000015258789,2.68799996376038,179,0,25.6611881256104,193.175323486328
"Pedetes_capensis",38.0960006713867,-6.2960000038147,333,0,20.6117343902588,684.759521484375
"Pedetes_surdaster",34.4640007019043,-8.61600017547607,498,0,21.371036529541,787.179565429688
"Pelea_capreolus",38.560001373291,-6.41200017929077,232,1,16.2114906311035,532.396545410156
"Pelomys_fallax",39.5800018310547,-8.61600017547607,760,0,21.9022312164307,1072.78515625
"Pelomys_hopkinsi",32.9959983825684,3.33999991416931,295,3,18.8333148956299,1311.51635742188
"Pelomys_isseli",31.0160007476807,15.2639999389648,332,55,22.1614208221436,1565.4580078125
"Pelomys_minor",34.3959999084473,5.22800016403198,270,0,22.2065296173096,1390.45788574219
"Perodicticus_edwardsi",36.1119995117188,4.2960000038147,683,0,24.3136348724365,1701.85034179688
"Perodicticus_ibeanus",34.2840003967285,-1.77199995517731,370,3,23.10595703125,1601.21484375
"Petrodromus_tetradactylus",39.5800018310547,1.79999995231628,760,0,22.9249267578125,1157.93444824219
"Petromyscus_barbouri",36.2560005187988,0.208000004291534,51,2,17.8389339447021,192.349258422852
"Petromyscus_monticularis",38.8120002746582,0.363999992609024,64,0,19.2552528381348,162.050109863281
"Phacochoerus_aethiopicus",42.4000015258789,4.59600019454956,637,0,25.7631187438965,380.218597412109
"Phacochoerus_africanus",43.7999992370605,-8.61600017547607,1065,0,23.5409336090088,952.672607421875
"Phataginus_tricuspis",40.2519989013672,-0.331999987363815,1115,0,24.3238620758057,1567.43994140625
"Philantomba_maxwellii",40.2519989013672,9.36800003051758,1115,0,25.981424331665,1707.67761230469
"Philantomba_monticola",38.7719993591309,-3.78399991989136,760,0,22.9749164581299,1400.1767578125
"Piliocolobus_bouvieri",32.1279983520508,19.5359992980957,277,17,25.4182643890381,1669.67102050781
"Piliocolobus_gordonorum",31.8999996185303,8.79199981689453,414,1,21.4184322357178,1415.44897460938
"Piliocolobus_kirkii",32.3499984741211,19.6000003814697,439,17,25.9950923919678,1500.17053222656
"Piliocolobus_oustaleti",34.9280014038086,14.0200004577637,257,5,24.3184051513672,1694.6044921875
"Piliocolobus_preussi",32,17.3640003204346,458,12,25.0701084136963,2588.59350585938
"Piliocolobus_rufomitratus",33.992000579834,21.507999420166,134,10,27.2609081268311,692.292175292969
"Piliocolobus_temminckii",39.4599990844727,14.1960000991821,973,0,26.7941951751709,1417.7919921875
"Piliocolobus_tephrosceles",32.3199996948242,6.42399978637695,259,0,21.2479133605957,1090.98559570312
"Piliocolobus_tholloni",33.0919990539551,17.576000213623,263,10,24.9465522766113,1851.3251953125
"Piliocolobus_waldronae",NA,NA,NA,NA,NA,NA
"Pipistrellus_aero",33.9160003662109,1.59200000762939,332,0,20.3712463378906,675.452575683594
"Pipistrellus_anchietae",38.0960006713867,-1.05200004577637,333,0,20.5401382446289,976.427307128906
"Pipistrellus_crassulus",36.3279991149902,-0.331999987363815,673,0,24.3223133087158,1713.71655273438
"Pipistrellus_hanaki",32.7999992370605,3.98799991607666,110,0,18.6986618041992,210.563201904297
"Pipistrellus_hesperidus",41.7879981994629,-8.61600017547607,683,0,21.4735927581787,1055.91015625
"Pipistrellus_inexspectatus",40.1679992675781,9.36800003051758,548,0,26.5701637268066,1217.19946289062
"Pipistrellus_musciculus",38.5799980163574,13.2639999389648,952,1,24.8234767913818,1711.53869628906
"Pipistrellus_nanulus",40.2519989013672,-0.331999987363815,1115,0,25.489839553833,1555.4365234375
"Pipistrellus_permixtus",32.7999992370605,18.5920009613037,250,18,26.055980682373,1005.32928466797
"Pipistrellus_rueppellii",46.0959968566895,-2.81599998474121,637,0,23.2333545684814,881.008972167969
"Pipistrellus_rusticus",43.3640022277832,0.643999993801117,340,0,25.0481414794922,797.060546875
"Platymops_setiger",38.2799987792969,-2.81599998474121,417,0,22.5606002807617,767.248413085938
"Plecotus_balensis",30.8360004425049,0.272000014781952,296,3,17.4956378936768,887.642578125
"Plecotus_christii",42.8240013122559,-0.332000017166138,13,0,22.7080059051514,5.32905673980713
"Plecotus_sardus",32.5040016174316,0.34799998998642,149,3,15.2015342712402,623.294006347656
"Plerotes_anchietae",34.7680015563965,4.13199996948242,300,0,20.8937187194824,1248.10375976562
"Poecilogale_albinucha",39.5800018310547,-6.41200017929077,760,0,20.9307117462158,980.448852539062
"Poelagus_marjorita",38.2360000610352,8.64400005340576,253,0,24.7070255279541,1283.72045898438
"Poiana_leightoni",35.8720016479492,14.7519998550415,584,15,25.5098361968994,2205.23291015625
"Poiana_richardsonii",33.8880004882812,0.327999979257584,683,0,24.3872013092041,1752.92297363281
"Potamochoerus_larvatus",39.5800018310547,-8.61600017547607,760,0,22.1800880432129,1006.97961425781
"Potamochoerus_porcus",41.7200012207031,4.2960000038147,1115,0,24.8575057983398,1636.90124511719
"Potamogale_velox",35.007999420166,-0.331999987363815,683,0,23.8800868988037,1603.33178710938
"Praomys_daltoni",44.8359985351562,9.36800003051758,1115,0,27.1108093261719,985.253173828125
"Praomys_degraaffi",24.3840007781982,8.28800010681152,229,5,15.9943799972534,1248.68383789062
"Praomys_delectorum",33.4360008239746,-8.61600017547607,526,0,19.1942977905273,1133.37426757812
"Praomys_hartwigi",33.7120018005371,8.48799991607666,409,5,21.3410491943359,1987.06811523438
"Praomys_jacksoni",39.3520011901855,-2.81599998474121,683,0,23.6528186798096,1561.11669921875
"Praomys_lukolelae",32.3880004882812,16.7320003509521,256,11,24.4576282501221,1695.26000976562
"Praomys_minor",32.2039985656738,6.16400003433228,284,0,23.8391609191895,1663.12438964844
"Praomys_misonnei",31.3079986572266,12.2320003509521,280,36,23.553165435791,1745.32702636719
"Praomys_mutoni",31.9720001220703,18.8120002746582,243,59,24.8222103118896,1762.37878417969
"Praomys_obscurus",34.1399993896484,11.0799999237061,318,2,21.5360107421875,1726.8125
"Praomys_verschureni",33.3320007324219,6.52400016784668,256,25,22.9282054901123,1633.76159667969
"Prionomys_batesi",32.6559982299805,15.9919996261597,308,18,24.0296459197998,1642.70654296875
"Procavia_capensis",46.6160011291504,-8.61600017547607,1115,0,24.7799701690674,608.937805175781
"Pronolagus_crassicaudatus",33.0719985961914,-6.41200017929077,230,4,17.1176586151123,829.138305664062
"Pronolagus_randensis",36.6240005493164,-0.927999973297119,333,0,20.1537933349609,503.084136962891
"Pronolagus_rupestris",35.8400001525879,-4.14799976348877,760,0,20.1201152801514,714.629333496094
"Pronolagus_saundersiae",36.3720016479492,-6.41200017929077,230,4,15.606915473938,532.731994628906
"Proteles_cristata",43.2879981994629,-8.61600017547607,637,0,21.8446941375732,491.977386474609
"Protoxerus_stangeri",39.0519981384277,-0.331999987363815,1114,0,24.600793838501,1710.58605957031
"Psammomys_vexillaris",41.7159996032715,-3.83999991416931,75,0,20.2013320922852,142.434875488281
"Pteropus_livingstonii",30.2999992370605,14.7239999771118,376,36,23.0352592468262,1969.84326171875
"Pteropus_voeltzkowi",31.58571434021,19.492000579834,476,10,25.5512104034424,1566.47863769531
"Raphicerus_campestris",38.8120002746582,-8.61600017547607,596,0,20.2894439697266,519.611694335938
"Raphicerus_melanotis",35.5559997558594,-3.78399991989136,130,2,16.8722248077393,429.608032226562
"Raphicerus_sharpei",39.5800018310547,1.48000001907349,760,0,22.0405292510986,933.030639648438
"Redunca_arundinum",39.5800018310547,-4.40799999237061,626,0,22.0487880706787,1029.69494628906
"Redunca_fulvorufula",38.484001159668,-8.61600017547607,637,0,18.9532127380371,708.77001953125
"Redunca_redunca",43.7999992370605,-8.61600017547607,1062,0,25.1927394866943,1027.08569335938
"Rhabdomys_pumilio",34.4360008239746,-0.875999987125397,130,2,17.0829410552979,388.092041015625
"Rhinolophus_adami",31.6280002593994,17.3039989471436,265,1,24.8112468719482,1421.4384765625
"Rhinolophus_alcyone",40.423999786377,-0.331999987363815,1074,0,24.6977672576904,1704.22631835938
"Rhinolophus_capensis",36.3720016479492,-4.50799989700317,130,2,16.5275421142578,425.489898681641
"Rhinolophus_darlingi",39.5800018310547,-6.41200017929077,334,0,19.3941993713379,632.500915527344
"Rhinolophus_deckenii",34.3320007324219,6.65999984741211,476,0,24.7614116668701,1012.54266357422
"Rhinolophus_denti",40.6119995117188,-3.01600003242493,982,0,22.2654991149902,585.293090820312
"Rhinolophus_eloquens",38.9000015258789,-2.81599998474121,476,0,22.9952526092529,995.422546386719
"Rhinolophus_fumigatus",42.9480018615723,-8.61600017547607,1059,0,23.3164958953857,1041.30236816406
"Rhinolophus_guineensis",40.1319999694824,9.36800003051758,766,0,25.3058013916016,1939.57775878906
"Rhinolophus_hildebrandtii",39.5800018310547,-8.61600017547607,760,0,21.6392230987549,939.411010742188
"Rhinolophus_hilli",24.0440006256104,10.2159996032715,248,18,16.3889102935791,1651.26147460938
"Rhinolophus_landeri",43.7999992370605,-8.61600017547607,1115,0,24.2022609710693,1227.76867675781
"Rhinolophus_maclaudi",38.9720001220703,12.1400003433228,1106,0,23.9671936035156,1769.93188476562
"Rhinolophus_maendeleo",33.476001739502,9.93200016021729,288,0,23.4617958068848,1000.38073730469
"Rhinolophus_ruwenzorii",30.568000793457,-0.331999987363815,250,23,19.861988067627,1262.38403320312
"Rhinolophus_sakejiensis",30.7439994812012,7.1560001373291,284,0,19.8148250579834,1451.16833496094
"Rhinolophus_silvestris",32,16.1160011291504,362,0,23.8383769989014,1748.57006835938
"Rhinolophus_simulator",39.5800018310547,-8.61600017547607,760,0,21.3839340209961,865.0732421875
"Rhinolophus_swinnyi",38.5839996337891,-2.16799998283386,760,0,20.6610851287842,938.571350097656
"Rhinolophus_ziama",36.0839996337891,10.2720003128052,444,11,23.7394485473633,2305.6455078125
"Rhynchocyon_chrysopygus",32.8360023498535,18.5799999237061,312,5,25.2394580841064,957.828796386719
"Rhynchocyon_cirnei",36.7439994812012,3.96799993515015,753,0,23.6603412628174,1341.22509765625
"Rhynchocyon_petersi",34.3320007324219,6.65999984741211,443,3,24.857873916626,1080.10668945312
"Rhynchocyon_udzungwensis",28.4200000762939,9.47999954223633,341,1,18.0607280731201,1342.29479980469
"Rhynchogale_melleri",39.5800018310547,1.79199993610382,760,0,21.8318939208984,954.79150390625
"Rousettus_lanosus",36.9519996643066,-8.61600017547607,637,0,18.7792472839355,1192.59509277344
"Rungwecebus_kipunji",27.6720008850098,2.73200011253357,306,1,16.0455188751221,1301.24938964844
"Ruwenzorisorex_suncoides",29.0359992980957,-0.331999987363815,257,2,16.5408267974854,1385.16345214844
"Saccolaimus_peli",36.5319976806641,-0.331999987363815,824,0,24.6152000427246,1781.89416503906
"Saccostomus_campestris",39.5800018310547,-4.22399997711182,760,0,21.2666015625,767.933471679688
"Saccostomus_mearnsi",38.9160003662109,-8.61600017547607,637,0,24.0680313110352,601.52880859375
"Sauromys_petrophilus",39.5800018310547,-2.03200006484985,333,0,19.6990833282471,410.372955322266
"Scotoecus_albofuscus",40.423999786377,-8.61600017547607,1115,0,23.8921489715576,1129.81921386719
"Scotoecus_hirundo",42.8920021057129,-8.61600017547607,1020,0,24.5219230651855,1076.65405273438
"Scotophilus_dinganii",41.007999420166,-8.61600017547607,1115,0,22.7853946685791,1003.20513916016
"Scotophilus_leucogaster",44.2599983215332,0.712000012397766,1115,0,26.5637340545654,932.029724121094
"Scotophilus_nigrita",42.9000015258789,1.79999995231628,760,0,24.2234382629395,1054.42785644531
"Scotophilus_nux",35.8720016479492,-0.331999987363815,900,4,24.5124664306641,1805.74084472656
"Scotophilus_viridis",42.8920021057129,-2.81599998474121,760,0,25.4044914245605,1002.408203125
"Scutisorex_somereni",33.1879997253418,-0.331999987363815,286,3,23.0139083862305,1627.87731933594
"Smutsia_gigantea",40.2519989013672,-0.331999987363815,1115,0,24.4271564483643,1721.89733886719
"Smutsia_temminckii",42.8920021057129,-8.61600017547607,760,0,23.4894485473633,728.00830078125
"Steatomys_bocagei",34.476001739502,4.69999980926514,286,0,22.0716419219971,1382.27600097656
"Steatomys_caurinus",43.6319999694824,11.076000213623,319,0,27.4473133087158,907.2939453125
"Steatomys_cuppedius",43.7999992370605,11.076000213623,302,0,28.0048809051514,568.87060546875
"Steatomys_jacksoni",35.2000007629395,20.2560005187988,191,4,26.372106552124,1210.96105957031
"Steatomys_krebsii",37.4560012817383,-5.7960000038147,277,0,19.6688175201416,781.203369140625
"Steatomys_opimus",36.8240013122559,13.6920003890991,300,1,24.339168548584,1584.56921386719
"Steatomys_parvus",37.7840003967285,-8.61600017547607,498,0,21.6940174102783,828.869201660156
"Steatomys_pratensis",39.5800018310547,-2.22399997711182,760,0,21.9331398010254,959.984741210938
"Stenocephalemys_albipes",38.931999206543,-2.75600004196167,452,0,18.9269638061523,1226.37353515625
"Stenocephalemys_albocaudata",30.8959999084473,-2.75600004196167,255,6,12.4761590957642,1110.91650390625
"Stenocephalemys_griseicauda",36.5439987182617,-4.76800012588501,431,1,15.2726984024048,1148.42651367188
"Stenocephalemys_ruppi",33.0400009155273,5.19999980926514,252,14,19.2134132385254,1287.447265625
"Stochomys_longicaudatus",35.8120002746582,-0.331999987363815,683,2,24.5046081542969,1786.09545898438
"Suncus_aequatorius",31.3719997406006,11.6000003814697,213,10,20.6022644042969,959.255187988281
"Suncus_hututsi",29.503999710083,8.28800010681152,249,3,20.428539276123,971.35888671875
"Suncus_infinitesimus",33.7280006408691,-4.22399997711182,295,2,16.9737377166748,810.2255859375
"Suncus_lixus",38.0960006713867,0.643999993801117,760,0,21.2746353149414,930.489685058594
"Suncus_megalura",39.5800018310547,-2.01999998092651,1083,0,22.6800918579102,1293.48645019531
"Suncus_remyi",32.0960006713867,15.6319999694824,321,11,24.0814266204834,1630.068359375
"Suncus_varilla",39.5800018310547,-6.41200017929077,333,0,19.1160259246826,687.527648925781
"Surdisorex_norae",26.4720001220703,0.608000040054321,412,28,12.7156200408936,1295.43835449219
"Surdisorex_polulus",21.6520004272461,-2.81599998474121,326,31,8.91021537780762,1548.29223632812
"Surdisorex_schlitteri",24.8759994506836,0.712000012397766,242,25,11.8398237228394,1415.7841796875
"Suricata_suricatta",38.8120002746582,-6.2960000038147,194,0,18.9121589660645,323.136932373047
"Sylvicapra_grimmia",43.7999992370605,-8.61600017547607,1095,0,22.9001140594482,910.346252441406
"Sylvisorex_akaibei",30.7399997711182,19.3319988250732,218,62,24.5413818359375,1730.54748535156
"Sylvisorex_camerunensis",32.6599998474121,8.48799991607666,431,1,20.8587303161621,1992.037109375
"Sylvisorex_granti",31.507999420166,-8.61600017547607,435,4,14.7648687362671,1457.10864257812
"Sylvisorex_howelli",32.2000007629395,6.65999984741211,355,0,19.854040145874,1024.94641113281
"Sylvisorex_lunaris",29.6399993896484,-0.331999987363815,257,3,15.7346458435059,1536.90173339844
"Sylvisorex_ollula",35.9560012817383,4.2960000038147,683,1,24.5271015167236,1736.28540039062
"Sylvisorex_oriundus",32.4560012817383,14.7080001831055,245,40,23.5199031829834,1787.50024414062
"Sylvisorex_pluvialis",31.8719997406006,18.2880001068115,411,14,25.0787124633789,2216.037109375
"Sylvisorex_silvanorum",31.7999992370605,12.3959999084473,382,10,20.5589179992676,2094.06518554688
"Sylvisorex_vulcanorum",30.0240001678467,-0.331999987363815,279,3,15.6869792938232,1632.26098632812
"Syncerus_caffer",42.8920021057129,-8.61600017547607,1034,0,23.4741249084473,1221.55236816406
"Tachyoryctes_macrocephalus",23.3400001525879,-2.75600004196167,196,14,9.93978309631348,1152.44787597656
"Tachyoryctes_splendens",40.0359992980957,-8.61600017547607,596,0,19.3441505432129,1142.68371582031
"Tadarida_fulminans",39.5800018310547,0.712000012397766,334,0,21.3992729187012,778.126892089844
"Tadarida_lobata",37.3680000305176,-2.81599998474121,415,0,19.8440093994141,797.955383300781
"Tadarida_ventralis",41.1959991455078,-8.61600017547607,760,0,21.7046089172363,935.327453613281
"Taphozous_hamiltoni",38.4000015258789,8.64400005340576,253,1,26.4369506835938,832.416320800781
"Taphozous_hildegardeae",34.7719993591309,8.87199974060059,476,0,25.0245685577393,981.5712890625
"Taterillus_arenarius",44.8839988708496,11.5120000839233,169,0,28.9907855987549,151.645141601562
"Taterillus_congicus",40.7680015563965,11.5559997558594,315,0,25.4614028930664,1276.17810058594
"Taterillus_emini",42.8920021057129,-8.61600017547607,637,0,24.786771774292,783.1865234375
"Taterillus_gracilis",43.7999992370605,11.076000213623,340,0,27.4430713653564,799.594177246094
"Taterillus_lacustris",42.0639991760254,12.7440004348755,218,0,28.1125679016113,452.779510498047
"Taterillus_petteri",43.4680023193359,12.6800003051758,203,0,28.8679237365723,377.916442871094
"Taterillus_pygargus",43.2560005187988,12.0520000457764,314,0,28.0663604736328,420.469024658203
"Taterillus_tranieri",43.9959983825684,13.2320003509521,146,0,29.2221736907959,277.423828125
"Thallomys_loringi",36.3160018920898,0.608000040054321,412,0,18.8331546783447,736.667663574219
"Thallomys_paedulcus",40.7120018005371,-8.61600017547607,760,0,22.2166862487793,864.690246582031
"Thallomys_shortridgei",36,1.07599997520447,47,0,18.5780773162842,181.717315673828
"Thamnomys_kempi",27.57200050354,3.33999991416931,257,7,16.1437931060791,1651.05871582031
"Thamnomys_schoutedeni",31.1920013427734,13.8400001525879,226,44,22.0886821746826,1713.08288574219
"Thamnomys_venustus",32.4080009460449,-0.331999987363815,256,11,17.4806423187256,1410.26623535156
"Theropithecus_gelada",36.0200004577637,-4.76800012588501,351,1,17.8892269134521,904.944580078125
"Thryonomys_gregorianus",40.0359992980957,-8.61600017547607,760,0,21.5898876190186,934.886047363281
"Thryonomys_swinderianus",40.6119995117188,-8.61600017547607,1115,0,23.3551349639893,1236.82543945312
"Tragelaphus_angasii",39.4400024414062,3.87199997901917,230,0,23.3968372344971,622.877624511719
"Tragelaphus_buxtoni",31.1319999694824,-2.75600004196167,255,2,11.5696268081665,1155.59460449219
"Tragelaphus_derbianus",41.1399993896484,11.1520004272461,343,0,25.457088470459,1179.72802734375
"Tragelaphus_eurycerus",39.3199996948242,-2.81599998474121,768,0,24.8059978485107,1681.40612792969
"Tragelaphus_imberbis",40.7120018005371,-8.61600017547607,637,0,25.3441734313965,484.614135742188
"Tragelaphus_oryx",39.5800018310547,-8.61600017547607,760,0,21.2362537384033,800.922607421875
"Tragelaphus_scriptus",43.7999992370605,-8.61600017547607,1115,0,23.7460384368896,1114.48815917969
"Tragelaphus_spekii",42.1319999694824,-0.331999987363815,945,0,23.4985542297363,1492.61840820312
"Tragelaphus_strepsiceros",42.9519996643066,-8.61600017547607,760,0,22.3859825134277,690.412536621094
"Uranomys_ruddi",42.0599975585938,0.712000012397766,984,0,24.8733253479004,1176.30859375
"Vulpes_chama",38.8120002746582,-6.41200017929077,230,0,18.8877449035645,376.797637939453
"Vulpes_pallida",44.8839988708496,-4.76800012588501,380,0,27.6723041534424,360.723785400391
"Vulpes_zerda",48.4599990844727,-3.60400009155273,187,0,24.9957542419434,49.477596282959
"Xerus_erythropus",44.8359985351562,-6.71999979019165,1115,0,26.6690826416016,867.318969726562
"Xerus_inauris",38.0879974365234,-6.2960000038147,191,0,19.4213752746582,345.484466552734
"Xerus_rutilus",43.2879981994629,-8.61600017547607,637,0,24.9637641906738,456.064453125
"Zelotomys_hildegardeae",38.068000793457,-8.61600017547607,760,0,21.8834609985352,1195.73693847656
"Zelotomys_woosnami",37.6959991455078,1,180,0,21.8398723602295,366.923706054688
