"Binomial","HumPopDen_5Km","PctPAOverlap","MidLat","PrimaryBiome","CoefVarEVI_5Km","GeogRangeIUCN"
"Acinonyx_jubatus",9.06476593017578,0.152655197080664,-22.1147764540974,13,2218969,2943299.8814758
"Acomys_airensis",4.14922046661377,0.0930566650694894,18.4869749793357,13,74390.71875,1825638.34217545
"Acomys_cahirinus",31.1252326965332,0.00491634119710483,24.4432853687211,13,7439549.5,4017285.72644751
"Acomys_cineraceus",65.6399917602539,0.0485625817488306,10.1831249802934,7,9692909,1049545.70371663
"Acomys_ignitus",117.550010681152,0.237940319680068,-2.69853774404503,7,4791111,105257.336313679
"Acomys_johannis",81.5946197509766,0.144374201836934,12.1745281395228,7,1054778.375,426085.265244187
"Acomys_kempi",23.541841506958,0.0352675406613444,1.32800778059027,7,13245697,569643.251878731
"Acomys_louisae",17.272123336792,0,6.2063741377351,7,7890451.5,688440.046256699
"Acomys_mullah",27.5541763305664,0.0687787362742877,11.1678337438964,13,25765854,160420.649750622
"Acomys_percivali",48.9199028015137,0.0490083590717238,3.11738309480863,7,76231056,222958.227232091
"Acomys_seurati",0.398747742176056,0,24.3477437039769,13,633.565368652344,298887.042140117
"Acomys_spinosissimus",56.9165382385254,0.00285066361922354,-17.4039708616592,7,433746.34375,101250.459245567
"Acomys_wilsoni",53.6315612792969,0.0641927041292917,0.690670250445207,7,20855264,1372812.72981622
"Addax_nasomaculatus",0.743215143680573,0.637103315337191,16.5194867389237,13,206.897109985352,33784.5177452597
"Aepyceros_melampus",51.0567054748535,0.108587533361488,-13.724441527087,7,44335520,3359993.74114614
"Aethomys_chrysophilus",31.2411022186279,0.0968096240354235,-16.7555360062527,7,35461296,4154330.27913669
"Aethomys_granti",NA,NA,NA,NA,NA,NA
"Aethomys_hindei",61.9525299072266,0.101144146471938,4.15074739089269,7,74637504,2482352.20805677
"Aethomys_ineptus",83.762825012207,0.00119950344965746,-27.2219865636513,10,7755135.5,592259.543605911
"Aethomys_kaiseri",71.1334686279297,0.0972470325798029,-7.28124174818984,7,148075840,1693329.17536045
"Aethomys_namaquensis",NA,NA,NA,NA,NA,NA
"Aethomys_nyikae",43.8815574645996,0.104345644211198,-10.6497879110382,7,39464376,897965.405906151
"Aethomys_silindensis",63.504451751709,0.0266420806992048,-19.5118175439939,7,870.067321777344,19129.1179453283
"Aethomys_stannarius",153.887283325195,0.0438361643748395,10.2491977167523,7,1594555.125,170085.391252653
"Alcelaphus_buselaphus",46.8835372924805,0.110245450855573,10.1255409374921,7,23141662,6759382.24427713
"Allactaga_tetradactyla",114.254272460938,0.00607840370513351,31.4414375166237,13,24440362,103462.202133774
"Allenopithecus_nigroviridis",19.9314270019531,0.0642694065533934,-0.142016297412624,1,25097892,506344.525337984
"Allochrocebus_lhoesti",31.634407043457,0.152925761584912,-0.728749861740842,1,2555552,216021.548176209
"Allochrocebus_solatus",4.34408330917358,0,-0.937348859218834,1,420.152557373047,18941.8542888176
"Amblysomus_hottentotus",86.3003997802734,0.00140830955194257,-30.3889605702232,10,13684785,212483.168634476
"Amblysomus_marleyi",63.6256561279297,0,-27.2235310737458,1,13322868,1402.68275589594
"Amblysomus_robustus",50.3561477661133,0,-25.5005277262491,10,1200.60693359375,1734.94754040491
"Amblysomus_septentrionalis",50.0602073669434,0.0050290128132482,-26.4259859906944,10,3778439,32675.8525956441
"Ammodillus_imbellis",12.4059772491455,0,6.29949500413399,7,637.933898925781,210235.628104393
"Ammodorcas_clarkei",9.31283378601074,0,6.75231062673605,7,704.586547851562,83716.8585400699
"Ammotragus_lervia",10.1083679199219,0.0274983836145871,23.9837873459138,13,613947.9375,1416968.0144311
"Anomalurus_beecrofti",79.6436538696289,0.0540995501181805,1.80135044596255,1,15267721,3245229.51098554
"Anomalurus_derbianus",82.3247909545898,0.0698691368148118,-4.11059427099631,7,54468124,5752726.98106305
"Aonyx_capensis",71.7667236328125,0.0754082990135595,-3.38619264502051,7,35153988,11817071.1321756
"Aonyx_congicus",44.9904365539551,0.0514535438889958,-1.26244620676768,1,11719499,2924429.88642859
"Arvicanthis_abyssinicus",179.705093383789,0.00643626777581067,11.2513529020044,10,23107098,296092.651142263
"Arvicanthis_ansorgei",74.0254669189453,0.0416045223569476,12.0738550364615,7,9368741,651275.416887978
"Arvicanthis_blicki",168.88948059082,0.217960367650156,6.81915082541466,10,685041.9375,17893.747237362
"Arvicanthis_nairobae",137.083435058594,0.16194617111478,-2.18916066204297,7,5674449,151138.901292631
"Arvicanthis_neumanni",42.2265167236328,0.0707465896576656,6.71533558438779,7,8941337,1218452.18100576
"Arvicanthis_niloticus",86.6648559570312,0.0791044492119607,10.5654415500514,7,52558704,6185272.89564571
"Arvicanthis_rufinus",134.091369628906,0.0582863577173135,8.10674422276725,7,24153794,1154420.16953922
"Asellia_patrizii",113.284721374512,0.0579710296367525,11.9347811891671,10,34402748,227342.451361947
"Atelerix_albiventris",74.3379287719727,0.0724218043366777,7.06497207117446,7,33722600,7028364.29389668
"Atelerix_algirus",136.823577880859,0.0110957900499031,34.0857922627332,12,18367430,664641.854663036
"Atelerix_frontalis",34.8957862854004,0.0538713844073932,-25.1380976447837,7,5653075,1047880.24830228
"Atelerix_sclateri",18.2320289611816,0,7.89568830470542,7,13595194,309001.28398156
"Atherurus_africanus",100.81209564209,0.0575035698385023,1.53104008676405,1,30954990,3544244.60580821
"Atilax_paludinosus",72.4272384643555,0.0705512662411504,-3.07787893683024,7,34393728,14049574.2885042
"Atlantoxerus_getulus",36.0667114257812,0.0136845826141247,31.3514413788454,12,4877172.5,301978.839941335
"Bathyergus_janetta",1.74348545074463,0.104146813411899,-30.2301316410439,13,28158760,12034.8372145937
"Bdeogale_crassicauda",59.2041358947754,0.117185372144101,-12.2148912988763,7,73362376,1497517.78999888
"Bdeogale_jacksoni",383.725952148438,0.0816538574087697,0.462144704653926,7,1329622.875,63953.3727311526
"Bdeogale_nigripes",28.8877124786377,0.0644281152867898,2.05853141512416,1,7736496,2110590.77422376
"Bdeogale_omnivora",146.936218261719,0.00679081468959546,-3.12680692460277,1,37346388,28493.0085697963
"Beamys_hindei",109.840003967285,0.162876025774246,-7.7455285753789,7,84946448,337356.588756171
"Beatragus_hunteri",22.8416996002197,0.00530973742520765,-1.34966499498227,7,755.953002929688,10578.2524339954
"Bunolagus_monticularis",2.76910018920898,0,-31.8181865080685,13,1525.61657714844,45473.9251158724
"Calcochloris_obtusirostris",54.5228805541992,0.0648707676178693,-23.1379655512785,7,21415640,115455.28359286
"Calcochloris_tytonis",80.5532760620117,0,2.77576651059212,7,1140.62890625,312.206861823975
"Canis_adustus",65.5631103515625,0.0815381254700504,-2.17586632279832,7,39133452,10714383.8492599
"Canis_mesomelas",48.8801612854004,0.0760788502936201,-24.8447107090642,7,15282865,6453409.87276452
"Canis_simensis",142.447982788086,0.368994930464861,6.93279902144839,10,1280.23315429688,6131.38303942686
"Capra_walie",112.09831237793,0.295055923586117,13.3041521765835,10,1365.49096679688,844.923837520361
"Caracal_aurata",49.721794128418,0.0535068843643009,-0.547102303172249,1,15001348,4042047.60574581
"Cardioderma_cor",55.9110984802246,0.0411858692691746,5.33496533163319,7,18037076,2246034.19451996
"Carpitalpa_arendsi",68.7065353393555,0.0508858583249183,-19.2206822452386,10,936.9619140625,9827.83393101428
"Casinycteris_argynnis",27.7774829864502,0.0563929530312444,-0.916102518050299,1,9837714,1707684.63140596
"Cephalophus_adersi",241.928070068359,0,-1.68247432935807,1,65210600,5016.89856801108
"Cephalophus_dorsalis",53.0336837768555,0.0508077975648984,-1.3304315684381,1,12222902,3569429.30902999
"Cephalophus_harveyi",104.594787597656,0.0797536797647118,-6.54780952727386,7,23411882,349798.996692686
"Cephalophus_jentinki",30.190486907959,0.108808189768278,5.76474053938046,1,989139.75,59693.1004069502
"Cephalophus_natalensis",56.732048034668,0.115127180090478,-16.949334456389,7,13629153,897289.182895733
"Cephalophus_nigrifrons",46.6174087524414,0.0467543040470034,-2.23543114475279,1,8914140,3191995.27030381
"Cephalophus_rufilatus",72.2076797485352,0.0804571149486155,8.87883244870267,7,9033447,2928977.47844663
"Cephalophus_silvicultor",61.9287147521973,0.0648650246939587,-0.633414108469967,7,19922784,6159623.6475595
"Cephalophus_spadix",104.852203369141,0.573599546419253,-7.84832686737925,1,13878784,6572.38858468831
"Cephalophus_weynsi",51.9768371582031,0.0665633968360834,-0.225327547521503,1,45882488,1484365.37368248
"Cephalophus_zebra",27.6874866485596,0.10277854221783,5.76474053938046,1,972423.9375,58893.2549104153
"Ceratotherium_simum",45.0829277038574,0.0750478986916554,-23.5802811968912,7,32885162,4638974.99557634
"Cercocebus_agilis",29.9000663757324,0.0754977656870362,3.07900356376936,1,2711039.25,1052415.08190891
"Cercocebus_atys",75.1775817871094,0.0309795933690803,8.35923280987878,1,17299526,316365.524708793
"Cercocebus_chrysogaster",17.6630973815918,0.0740718014659124,-2.51748190855216,1,30718586,230492.490059557
"Cercocebus_galeritus",40.4717445373535,0.31293336019807,-1.98607084703719,1,1411.92321777344,202.268189851668
"Cercocebus_lunulatus",151.984283447266,0.13922661193338,6.32799729628211,1,10864064,120645.743347846
"Cercocebus_sanjei",80.1371688842773,0.585641773030578,-7.79273438648919,7,988.743225097656,188.105573334282
"Cercopithecus_ascanius",64.2854385375977,0.0490159987168567,-2.42236276405923,7,10480306,2618297.2502869
"Cercopithecus_campbelli",79.7599716186523,0.0148133079378175,8.63663836319966,1,18445952,278658.716268109
"Cercopithecus_denti",58.6242218017578,0.108701731990386,0.846096337725093,1,10430043,408498.007138836
"Cercopithecus_dryas",10.5401973724365,0,0.364002466463789,1,271.097076416016,3513.01361752502
"Cercopithecus_hamlyni",43.8688774108887,0.131943978429651,-0.762561758874307,1,708433.5,238303.269314497
"Cercopithecus_mitis",83.5125350952148,0.0935997426304694,-6.76621797477575,7,21911812,2306684.40061905
"Cercopithecus_neglectus",41.1869430541992,0.0564753627920861,0.0967996743730302,1,9965816,2289688.14945811
"Chaerephon_aloysiisabaudiae",44.9210929870605,0.0707479165645247,2.09816759260109,1,15933047,1117200.74138612
"Chaerephon_ansorgei",70.4585876464844,0.0815684089827569,-1.38912666174637,7,57722284,5633242.36486836
"Chaerephon_bemmeleni",180.561431884766,0.0918086427266037,-1.72971568737102,7,261052656,671183.840334136
"Chaerephon_bivittatus",78.2185592651367,0.0926063078112873,-4.58802708078025,7,60463112,1892463.62796482
"Chaerephon_chapini",57.2413940429688,0.0910097363603544,-8.23630239360225,7,71206072,4301386.96453115
"Chaerephon_gallagheri",9.25911712646484,0,-3.17297370133951,7,562.709533691406,312.285092657605
"Chaerephon_major",95.7136764526367,0.077224698634322,10.8968141733133,7,15785418,1758728.85117738
"Chaerephon_nigeriae",53.6844902038574,0.0896516760769754,-14.4950299149502,7,14852725,4801730.23894777
"Chaerephon_pumilus",105.60823059082,0.0706594564152447,-5.44512409802416,7,45413176,7240272.01432599
"Chaerephon_russatus",66.3772888183594,0.0358562446323692,3.12201117721636,1,12710215,431869.045209019
"Chlorocebus_aethiops",96.0770416259766,0.0885074277963211,10.5943631970251,7,15128339,1146190.63402642
"Chlorocebus_cynosuros",41.7679252624512,0.061049221889132,-10.619561384607,7,17492236,3083225.50875733
"Chlorocebus_djamdjamensis",334.539886474609,0.210761319051563,6.77547361152302,10,733.217346191406,9145.3939920217
"Chlorocebus_pygerythrus",56.2696304321289,0.0689560373304297,-12.9284459875525,7,62152088,4577353.0297679
"Chlorocebus_sabaeus",68.0116195678711,0.0484407241123598,11.6522459140516,7,9301258,1517134.02574714
"Chlorocebus_tantalus",82.2196960449219,0.0781128119470287,8.10182595669512,7,26734576,3988610.22676795
"Chlorotalpa_duthieae",172.470626831055,0,-33.8867828132206,12,49795408,10913.5316326609
"Chlorotalpa_sclateri",30.2890243530273,0.000744387932394095,-30.1140218824077,10,1347.306640625,91864.9917616643
"Chrysochloris_stuhlmanni",213.388473510742,0.138826935179743,0.549428194439286,1,124917296,106059.668007955
"Chrysochloris_visagiei",0.119264505803585,0,-31.4392345119514,13,1319.98071289062,366.475870500143
"Chrysospalax_trevelyani",86.7196960449219,0,-31.9930294360806,10,15854554,40306.4138190511
"Chrysospalax_villosus",131.839935302734,0,-29.222614911953,10,916428.75,44475.3570797517
"Cistugo_lesueuri",NA,NA,NA,NA,NA,NA
"Civettictis_civetta",67.6876373291016,0.0739588889623733,-0.803814424913982,7,32465644,15260298.1320958
"Cloeotis_percivali",48.7783088684082,0.00839357576373507,-22.2962482603461,7,18979078,528460.141171369
"Coleura_afra",69.4065170288086,0.0627568604621697,6.24862362519739,7,97046800,2700075.42920944
"Colobus_angolensis",47.1013603210449,0.0611794832643619,-4.78790926385329,7,6854464.5,2295476.763657
"Colobus_guereza",70.9214935302734,0.0809911019864996,4.2198097638418,7,22821154,3050585.90439796
"Colobus_polykomos",72.8444442749023,0.0302625158597257,8.28825649401334,1,14451767,341043.373724615
"Colomys_goslingi",116.564422607422,0.0847982690126218,0.322704265173426,1,16913402,904776.052231179
"Congosorex_phillipsorum",10.3050966262817,0,-7.46387049534857,7,661.676940917969,85.6225078529161
"Congosorex_polli",151.190124511719,0,-6.56579853544358,7,824.24853515625,327.8242854767
"Congosorex_verheyeni",8.94049167633057,0.173199796513014,2.06185225973746,1,315905.90625,145308.85281744
"Connochaetes_gnou",53.2016220092773,0.000680472514164764,-29.0113488127691,10,3691950.75,403590.648039461
"Connochaetes_taurinus",22.3571186065674,0.112973044935871,-20.8933932073236,7,6448106.5,3087760.39024896
"Cricetomys_emini",90.3077239990234,0.0477670244652886,0.0679842603317097,1,44052600,3732493.1207929
"Cricetomys_gambianus",90.7624435424805,0.075844056056966,9.15449583263659,7,10353142,4141042.4389447
"Crocidura_aleksandrisi",28.822717666626,0,32.0628861900182,12,20644060,42683.8717119151
"Crocidura_allex",121.587303161621,0.265166221164093,-3.06180227865272,1,61942048,6661.28143007963
"Crocidura_ansellorum",15.3052806854248,0,-11.2161136587676,7,540.655822753906,2208.85265140608
"Crocidura_attila",40.3995323181152,0.0729626102210185,4.9091258973561,7,2315641.75,830715.104119777
"Crocidura_baileyi",188.167831420898,0.0238516294881865,10.7934120069517,10,1121.08068847656,19271.5501589262
"Crocidura_bottegi",123.514450073242,0.0450826098208609,5.19038473672044,10,538746.9375,48806.5136663282
"Crocidura_bottegoides",178.871810913086,0.294126664758773,7.62014009661877,10,953.025268554688,10830.0256708722
"Crocidura_caliginea",22.2187042236328,0.146836432702526,1.54357531206456,1,295.555389404297,76479.2636715135
"Crocidura_canariensis",117.833839416504,0,28.4038603491816,10,243182880,2479.8863132196
"Crocidura_cinderella",43.7236404418945,0.112226364337437,15.0168814031011,7,4444125,839371.855251328
"Crocidura_congobelgica",20.9531879425049,0.153860416281414,1.36870220602348,1,284.860321044922,99831.3102349511
"Crocidura_cyanea",42.0974311828613,0.0422016203581536,-22.7275557591542,7,9257674,2725072.4255383
"Crocidura_denti",45.1087226867676,0.0633754111187584,3.45523869958626,1,8770645,1196038.15214237
"Crocidura_desperata",99.6564025878906,0.0232388170743038,-8.17858699639486,1,738.033264160156,16890.687987199
"Crocidura_dolichura",112.674423217773,0.0697144769003417,2.21032162720649,1,10837174,1488528.97487188
"Crocidura_elgonius",355.887329101562,0.0840622147920401,0.216712395329627,1,1784665.75,83847.6772982944
"Crocidura_fischeri",80.392448425293,0.00114374295701792,-1.82550456059566,7,1655.74731445312,3168.55233967912
"Crocidura_flavescens",99.7553176879883,0.000965915922370379,-30.4794535311102,10,23211754,292163.803076428
"Crocidura_floweri",1483.71887207031,0.00103725239512343,30.8679689571735,9,60312480,30500.9527427393
"Crocidura_foxi",66.5191879272461,0.0838592643981558,9.63264106388999,7,8760157,1660078.4689145
"Crocidura_fulvastra",48.1131973266602,0.0992415043831635,11.584546197442,7,4217716,4336348.88420614
"Crocidura_fumosa",137.303176879883,0.231619763217754,-0.0819316603531464,1,623962.3125,18541.1889649898
"Crocidura_fuscomurina",56.5989036560059,0.0904131896802057,0.525123742838108,7,33714612,9829229.26456859
"Crocidura_glassi",191.593673706055,0.246888160259135,7.60668524336464,10,998198.4375,11900.9028969911
"Crocidura_gracilipes",NA,NA,NA,NA,NA,NA
"Crocidura_grandiceps",1001.70764160156,0.0156369871241142,7.29713568316393,1,25879362,34047.1491187341
"Crocidura_greenwoodi",29.7133674621582,0,2.37953637135499,7,694.780700683594,51685.8787993959
"Crocidura_harenna",32.9176139831543,1.93723790764021,6.71714320533217,10,964.277954101562,107.925404851134
"Crocidura_hildegardeae",84.4952926635742,0.0917050113193124,-0.445670152004256,7,105069632,2340544.27807859
"Crocidura_hirta",40.4879379272461,0.0997470848113095,-16.0144659807224,7,41116272,4044014.03883202
"Crocidura_jacksoni",169.790863037109,0.0942927418431501,-0.598666913322809,7,196230832,911505.03175214
"Crocidura_kivuana",248.775665283203,0.398947414625675,-2.27195219526126,1,571.004943847656,1217.1549629398
"Crocidura_lamottei",107.427803039551,0.0509347519711465,9.69192065773659,7,15764426,1559815.80304394
"Crocidura_lanosa",322.808441162109,0.25751450166612,-2.25382433001539,1,1124689.875,4797.25154035337
"Crocidura_latona",24.6715450286865,0.10966111460545,1.0091647444694,1,280.532104492188,145294.01942353
"Crocidura_littoralis",56.1809730529785,0.0627606717326052,0.511943708820635,1,44552928,1900103.40008868
"Crocidura_longipes",134.808990478516,0,11.531577175372,7,1149.22509765625,806.229191474954
"Crocidura_lucina",163.779434204102,0.38967936330291,7.61527927717279,10,1110.64001464844,5552.60126813566
"Crocidura_ludia",24.3264865875244,0.0439045402309904,2.05191667204641,1,7805330.5,496220.886674925
"Crocidura_luna",93.5289688110352,0.0816013178242484,-7.70872517919912,7,117732272,1833268.96078253
"Crocidura_lusitania",32.2290725708008,0.0639607518732739,16.3564551358689,7,2714801.25,2052707.84410459
"Crocidura_macarthuri",27.6966743469238,0.0175091468725552,1.22465482639339,7,4088411,467262.62238929
"Crocidura_macmillani",153.406936645508,0.0497071426644633,7.11054185713836,10,541.360229492188,22024.3964571836
"Crocidura_macowi",23.127462387085,0,2.13651187537774,1,1165.03857421875,284.991051431962
"Crocidura_manengubae",235.014450073242,0.0162760717618149,5.68765119117704,1,535.774780273438,4975.64442321931
"Crocidura_maquassiensis",105.351577758789,0.00358933339123042,-24.6466878490481,7,7721324,334700.905247946
"Crocidura_mariquensis",37.0889053344727,0.0598137202160843,-17.722241632953,7,10364113,2082090.81098646
"Crocidura_maurisca",62.140983581543,0.0751838458394284,-0.0180864729086993,1,14995109,572595.605395109
"Crocidura_monax",247.277008056641,0.261823264633544,-3.31944995879478,1,29414758,7200.83630995234
"Crocidura_montis",212.230117797852,0.219168106282017,-0.146779128105875,1,872.808288574219,21776.0715698606
"Crocidura_mutesae",71.5698547363281,0.0369245565882443,3.2389945185774,1,145201.703125,27558.6696824373
"Crocidura_nana",57.2020683288574,0.0910890555373221,9.05770760153345,7,2057.16552734375,117.150121674514
"Crocidura_nanilla",52.7728462219238,0.0442446368530439,14.0221887028695,7,14279431,757818.830765455
"Crocidura_nigrofusca",62.7904510498047,0.0846595490363907,-6.65502192194282,7,81430280,3815128.64967134
"Crocidura_nimbae",79.2389755249023,0.122876120447736,7.06178910325281,1,12873366,45466.7999298882
"Crocidura_niobe",243.311065673828,0.249864125085135,-3.46545000844086,1,2322185.75,20326.8047156655
"Crocidura_olivieri",70.873908996582,0.0757395015670053,1.31737340976535,7,31109984,15840910.3014103
"Crocidura_pachyura",185.265258789062,0.0119822242158247,36.5605699400683,12,50387768,64302.2211970609
"Crocidura_parvipes",55.0033569335938,0.0785117513830253,-2.32663427702793,7,54421180,5594890.99833131
"Crocidura_pasha",42.8816871643066,0.00707760690507091,14.2419749914582,7,3482234.75,548549.26445977
"Crocidura_phaeura",287.658111572266,0,5.97365134754516,1,805.892150878906,897.110324245598
"Crocidura_picea",163.813415527344,0.0182595007173194,6.16955476810747,1,581.90869140625,6186.95280043598
"Crocidura_pitmani",9.67282009124756,0.136673010516216,-12.5023026783011,7,1227803.25,36530.0950205617
"Crocidura_planiceps",192.669616699219,0.0211132033525129,11.2087627664135,7,2829613.25,479968.226530975
"Crocidura_polia",30.6955242156982,0,2.42228768721709,1,327.912963867188,77.1573086214881
"Crocidura_raineyi",55.1577072143555,0,0.95969112993313,7,962.187561035156,127.37236414619
"Crocidura_ramona",197.487594604492,0,30.670568738067,10,936.258605957031,1511.00515359716
"Crocidura_religiosa",2095.02514648438,0.00032358920336717,30.5352819221245,9,1902.94079589844,23650.0265742917
"Crocidura_roosevelti",61.8822555541992,0.0531343508407589,-1.76406910209279,7,98105920,1976063.13544317
"Crocidura_selina",286.924285888672,0.00424610770028108,0.926744070487815,7,4785642,28965.9151400219
"Crocidura_silacea",98.0875244140625,0.00970749753048547,-22.8952137115101,7,2436717.75,339606.763085597
"Crocidura_smithii",53.1249008178711,0.173274317463515,8.82309528275869,7,1213791.5,185984.4558114
"Crocidura_somalica",18.5915336608887,0.0867289967620659,5.77196659559541,7,10120166,175965.750860614
"Crocidura_stenocephala",283.910369873047,0.162740888355176,-1.1494305218186,1,586.146606445312,1374.89087741905
"Crocidura_tansaniana",184.791580200195,0.0947280448989495,-4.86665932063768,1,719.392700195312,4971.37725558387
"Crocidura_tarella",365.00341796875,0.349693705138217,-1.10671484230686,1,648.458190917969,2060.53148409907
"Crocidura_tarfayensis",14.4061613082886,0.076706858862633,25.6760047300838,13,10478701,267266.757192119
"Crocidura_telfordi",47.0425872802734,0.373663148848557,-7.74584158297205,1,736.581665039062,4256.99743664556
"Crocidura_thalia",188.015884399414,0.0291343626930902,8.57256399807893,10,2538952.25,161503.204569151
"Crocidura_theresae",108.774749755859,0.0534655038788794,7.04004488525925,1,14219821,270563.697765253
"Crocidura_turba",61.2968673706055,0.0812934736272883,-4.08253491292995,7,67241560,4878103.9856943
"Crocidura_ultima",461.834899902344,0.0564754046700848,-0.407810115909989,1,661.373779296875,1277.46852649109
"Crocidura_usambarae",179.517379760742,0.108712137960331,-4.62124172074341,1,882.623107910156,5471.90936957364
"Crocidura_viaria",49.5013847351074,0.0818710023476635,12.8316125164015,7,5897473.5,8203534.84361229
"Crocidura_voi",60.7575836181641,0.0885278827767294,9.55398720176979,7,8480460,3003725.29509823
"Crocidura_whitakeri",129.939010620117,0.0120537978718756,33.7417969012757,12,14435920,759432.734566711
"Crocidura_xantippe",44.6582298278809,0.532236978743076,-3.76125236009805,7,1698430.125,26975.2204817487
"Crocidura_yankariensis",37.2374267578125,0.0626828253778122,8.23195628165519,7,12384538,1389106.24217212
"Crocidura_zaphiri",514.009216308594,0.0371428790538167,0.305314090365679,7,12682412,9993.16965018864
"Crocidura_zimmeri",69.4546432495117,2,-9.00987992386533,7,478.195861816406,643.732335202579
"Crocuta_crocuta",61.6982002258301,0.0769335634087769,-1.10395196160522,7,32906402,14471905.1424253
"Crossarchus_alexandri",40.2646141052246,0.059955589987008,-0.158478982480455,1,20887078,1412932.50271294
"Crossarchus_ansorgei",17.75954246521,0.0554174525556034,-1.46411194933324,1,17148476,602126.502766795
"Cryptochloris_zyli",10.1135416030884,0,-31.9139210604468,13,42275764,2120.38641671913
"Cryptomys_hottentotus",32.127513885498,0,-32.014125685362,13,8124228.5,427909.487935908
"Ctenodactylus_gundi",23.8725109100342,0.00124471646942542,33.1799887669858,13,780.044494628906,132731.692296039
"Ctenodactylus_vali",6.80927610397339,0,31.3199670566862,13,686019.0625,57358.2009436851
"Cynictis_penicillata",21.9449863433838,0.0702114655692206,-25.8336751594722,13,7420078,2252374.38749772
"Damaliscus_lunatus",22.7327461242676,0.160793664460548,-14.1919343250845,7,13550806,1840650.54849426
"Damaliscus_pygargus",75.7007369995117,0.000584295590936578,-28.3949524124509,10,5749313,395523.694499572
"Dasymys_foxi",188.188812255859,0.0923493989246231,9.99169579950974,7,812.156921386719,51938.2579954147
"Dasymys_incomtus",70.5488815307617,0.0706421474701513,-8.21802876282478,7,61733516,6435516.15220115
"Dasymys_montanus",186.214309692383,0.769321261016054,0.374760899001052,10,1158.08422851562,1879.35386339235
"Dasymys_rufulus",149.586608886719,0.0504832795923413,8.70829615019088,7,20251602,1666893.48206454
"Delanymys_brooksi",358.011779785156,0.524079279771738,-1.65874402363526,1,2442715,3946.31649641248
"Dendrohyrax_arboreus",87.1885452270508,0.114532962459444,-8.20788989804964,7,137219808,2446114.40607614
"Dendrohyrax_dorsalis",75.2585678100586,0.0650555099089039,0.758858096965944,1,19552760,3057808.98159214
"Dendrohyrax_validus",150.33447265625,0.132004168473875,-8.2685941788988,1,23648894,37809.8844936246
"Dendromus_insignis",318.462554931641,0.148470942082096,-1.66171492892875,1,14684557,26896.8669169742
"Dendromus_kahuziensis",256.953033447266,1,-2.19767320359717,1,675.732543945312,122.945380145193
"Dendromus_kivu",333.033020019531,0.19151271435368,-1.47588793642509,1,7360095,27532.3424557512
"Dendromus_lachaisei",120.524116516113,0.0245423927756645,6.9122290915342,1,9186720,20329.9874426238
"Dendromus_lovati",283.965911865234,0.0125735312148241,10.8132609954489,10,1033.76818847656,38666.7343570659
"Dendromus_melanotis",55.3309059143066,0.0714571362105512,-19.9855806712704,7,23960380,4305598.26861371
"Dendromus_mesomelas",66.2390747070312,0.03791288338335,-30.715691226668,7,12971213,588635.036780113
"Dendromus_messorius",77.1310882568359,0.0823201164147575,-0.633262854951377,7,35176276,60941.4293184143
"Dendromus_mystacalis",80.6923370361328,0.0486486022500336,-17.547045277699,7,68305488,2937067.56269476
"Dendromus_nyikae",35.2148704528809,0.0489597523505531,-13.6074518502367,7,21990576,2375792.29272896
"Dendromus_ruppi",140.967300415039,0,4.02303848252497,1,598.450012207031,1606.40780785238
"Dendromus_vernayi",13.6239767074585,0,-11.4161493696908,7,421.979553222656,318.138087481894
"Dendroprionomys_rousseloti",2767.19165039062,0,-4.23336306163923,7,12669405,281.749406326348
"Desmodilliscus_braueri",23.768045425415,0.0889283034449222,16.0718101689639,7,2625754,3380204.82597393
"Desmomys_harringtoni",187.232055664062,0.0051328035032788,9.4700836555947,10,1195371.5,265251.688283506
"Desmomys_yaldeni",152.557540893555,0,7.50734379003845,10,460.714324951172,9679.52676157498
"Diceros_bicornis",40.972785949707,0.0731041746815161,-17.0398240603765,7,39030136,7172352.04051031
"Dologale_dybowskii",73.47216796875,0.0780173107687969,3.91844174701126,7,32815768,484539.134757865
"Dorcatragus_megalotis",18.5582714080811,0,10.4000088102205,13,984.136535644531,50718.4825263252
"Eidolon_helvum",76.7783432006836,0.059983085251694,-2.7618334317193,7,38282152,11801692.1346273
"Elephantulus_brachyrhynchus",57.6885566711426,0.0885839328529979,-13.0317242931327,7,63337272,3874147.19891292
"Elephantulus_edwardii",9.46446132659912,2.05522125859239e-07,-32.459250999105,13,1517078.875,193798.080166098
"Elephantulus_fuscipes",90.5398254394531,0.0646771639743706,3.50698975123697,7,4124286.75,150897.65577057
"Elephantulus_fuscus",59.8641014099121,0.0292343091338606,-16.7486073719627,7,501433.375,155038.173488726
"Elephantulus_myurus",52.0304908752441,0.0223647919712331,-23.4623359450221,7,3383459,968379.599591669
"Elephantulus_pilicaudus",0.771135568618774,0,-31.5618953985194,13,1516.32629394531,28388.8623866815
"Elephantulus_revoilii",10.8055124282837,0,9.73275714896995,7,6055615.5,124780.547466421
"Elephantulus_rozeti",78.2728805541992,0.00894650494754829,33.1611354138407,12,3560147,730304.783860708
"Elephantulus_rufescens",64.1751327514648,0.0731227777383823,0.297580006408543,7,18958942,1493641.12691775
"Elephantulus_rupestris",5.02020359039307,0.0241332171053984,-28.6933904387363,13,965861,557904.436258675
"Eliomys_munbyanus",107.39501953125,0.0100659038019484,33.6183377713905,12,13266054,873740.077210043
"Epomophorus_anselli",78.9056167602539,0.488006051341894,-13.0087876017371,7,735.466125488281,3093.94335632942
"Epomophorus_crypturus",51.3680839538574,0.0863955263662724,-17.0246761330296,7,32928298,2084351.80252216
"Epomophorus_gambianus",85.9011917114258,0.0665639595699779,9.36796440877961,7,9080588,3791198.00235881
"Epomophorus_labiatus",107.409088134766,0.0804837700841801,3.28838037493513,7,124654328,1765045.21130114
"Epomophorus_minimus",144.35888671875,0.0663442093350407,7.36606431887325,7,17882478,264485.882450701
"Epomophorus_minor",96.9281921386719,0.1028741687814,-6.33823990849291,7,107137392,2216833.26201187
"Epomophorus_wahlbergi",74.0731735229492,0.0713350417226115,-11.1498195931742,7,71993872,4968585.01286693
"Epomops_buettikoferi",153.720932006836,0.0442210726888166,7.9742884628598,7,23385558,1079555.41901635
"Epomops_dobsonii",37.5545043945312,0.091245583438564,-12.4998615664176,7,14102832,1366391.79294814
"Epomops_franqueti",69.786735534668,0.0679362361344812,-0.437167906016284,7,26563784,4509719.72632596
"Eptesicus_floweri",30.2391414642334,0.0330942185150977,14.3785654572484,7,2572615.5,876002.548286785
"Eptesicus_hottentotus",30.0243015289307,0.068730597326895,-23.4269937423283,7,12713930,2853467.58250729
"Eptesicus_isabellinus",115.385711669922,0.00866769841086721,34.8144872559994,12,13065625,852026.069583554
"Equus_africanus",13.0691785812378,0.0984506749652526,13.1090822198405,13,88037368,67426.8566590502
"Equus_grevyi",20.7702178955078,0.0541083117826312,1.00796704623594,7,588110.625,89740.217973478
"Equus_quagga",48.5011901855469,0.155799016395921,-20.0349851975798,7,14171302,2314214.44182306
"Equus_zebra",6.24676847457886,0.147458164383653,-21.3625199251116,13,5561612.5,319595.870019685
"Erythrocebus_patas",56.1090507507324,0.075380786407646,10.9442495398189,7,5882613.5,7128871.52885149
"Eudorcas_albonotata",25.1411743164062,0.293956373636924,6.9186155831145,9,568.48388671875,128521.800811001
"Eudorcas_rufifrons",42.921314239502,0.0854327112024987,13.2742025649077,7,3802790.25,2197974.49581606
"Eudorcas_thomsonii",87.2576446533203,0.151855217555724,-2.93437656067713,7,18354024,157281.766452049
"Felis_nigripes",20.0698375701904,0.0548111493688927,-25.9187330506211,13,7713696.5,1948153.23469103
"Felovia_vae",9.51191139221191,0.00216489427346424,17.7294124867528,7,4809619,183986.239083304
"Fukomys_anselli",207.461669921875,0.0153015167752922,-15.2555017356333,7,749.607421875,17908.7719802731
"Fukomys_damarensis",3.9818069934845,0.153323936040381,-21.0569453842103,7,14069072,1001541.03460844
"Fukomys_darlingi",59.5390930175781,0.00360337330354707,-18.5563148182073,7,2859506.5,183597.387108606
"Fukomys_foxi",273.504699707031,0,9.60400916840911,10,920.728759765625,13261.4227072921
"Fukomys_kafuensis",27.6731567382812,0.113900558936754,-15.6749669709818,9,23751568,7448.8318944954
"Fukomys_mechowi",NA,NA,NA,NA,NA,NA
"Fukomys_ochraceocinereus",35.4612846374512,0.0413222102170508,4.36277808492877,7,14065639,782750.283909623
"Fukomys_zechi",80.6515731811523,0.0118104214323803,8.89594657206606,7,22971186,22498.3794044593
"Funisciurus_anerythrus",65.1101989746094,0.0457197834547565,0.14613840033325,1,8957849,2279777.20438472
"Funisciurus_bayonii",21.2283306121826,0.00840161057261949,-8.25700400081989,7,557.361328125,385069.492471857
"Funisciurus_carruthersi",329.140563964844,0.182246633160421,-1.48094569107234,1,116326576,93369.0796492401
"Funisciurus_duchaillui",2.55415892601013,0,-0.395773015606871,1,519.277954101562,3488.47841738852
"Funisciurus_pyrropus",88.085807800293,0.0664073885052104,8.23064795348428,1,18943480,2153132.08964072
"Funisciurus_substriatus",68.551155090332,0.185321255113343,9.77891940088844,7,2127141.75,224767.780444976
"Galago_gallarum",31.1794490814209,0.0129779430402793,2.03070496031525,7,1398939,456007.297326913
"Galago_matschiei",307.764465332031,0.19026431236038,-0.831765714231841,1,21057648,87132.2084544072
"Galago_moholi",41.77001953125,0.0873574987729968,-14.3904689375866,7,49184020,4247265.67845727
"Galago_senegalensis",76.2172241210938,0.0759374789430604,8.38745193150662,7,31000052,8388328.00244414
"Galagoides_cocos",426.473205566406,0.0494320427573748,-4.10407929435554,1,35864812,7016.5807203633
"Galagoides_demidoff",81.1888656616211,0.0579010229296806,1.11851396887467,1,17106540,4398205.56622383
"Galagoides_granti",52.1177177429199,0.0755046168858516,-17.1555317394314,7,11372397,521553.377182589
"Galagoides_orinus",74.0835189819336,0.131129117294251,-8.09224131884674,1,724.51123046875,19017.6406222456
"Galagoides_rondoensis",212.222290039062,0,-6.08677951918362,1,626.006164550781,126.803794358479
"Galagoides_thomasi",73.9766616821289,0.0605255778449942,-2.49450565075645,1,19967504,4501161.11279561
"Galagoides_zanzibaricus",285.151214599609,0.0755683907241777,-6.90470228955754,1,25129440,7100.21750479609
"Gazella_cuvieri",34.3689079284668,0.00202536756652483,33.0852790791344,12,1137.86267089844,152444.459924153
"Gazella_dorcas",9.76408004760742,0.0380897904733523,23.6863441980862,13,3577417.75,9905633.37366327
"Gazella_leptoceros",4.3871545791626,0.00300012596201458,30.9584148190505,13,65725.84375,604286.089822729
"Gazella_spekei",8.38667774200439,0,8.44484142568449,7,11548579,174000.218889796
"Genetta_abyssinica",101.989845275879,0.0413794006293135,12.0458702652181,10,21818354,501099.835789285
"Genetta_angolensis",34.4734992980957,0.146161768532294,-12.2946486388411,7,19645122,1399075.96526514
"Genetta_bourloni",52.7029800415039,0.0111245646778894,7.03861977119024,1,5170222.5,146864.613745881
"Genetta_genetta",53.0932121276855,0.0649669488231531,9.89323642739187,7,19161322,13963100.9974685
"Genetta_maculata",63.5752372741699,0.0784741524023884,-4.30413018407965,7,36293764,12856906.1903231
"Genetta_pardina",85.1039810180664,0.0531167122339827,10.1487830430838,7,19623990,1435141.69080447
"Genetta_piscivora",26.9323406219482,0.139565187320369,0.265610664384595,1,1653586.5,223601.457156781
"Genetta_servalina",63.4904327392578,0.056753839493131,0.296734196568285,1,19185544,3171148.45698336
"Genetta_thierryi",115.335998535156,0.0622363286295562,9.49359193543814,7,12654473,2584305.82801335
"Genetta_tigrina",82.5373458862305,0.00032657434161494,-32.587284080997,10,15308181,212859.644447868
"Genetta_victoriae",51.7723236083984,0.0803056382956954,1.23465307856488,1,15507963,542907.301557844
"Georychus_capensis",78.7256088256836,0.000436085492947182,-33.3560530797112,12,15703830,159405.665554603
"Gerbilliscus_boehmi",81.3707885742188,0.0995690084348897,-9.64370714513318,7,106657640,1160670.68607986
"Gerbilliscus_brantsii",23.4014377593994,0.0761144024971064,-23.7245087471149,7,8189389,2084250.89162638
"Gerbilliscus_gambiana",71.4452972412109,0.0453272643348378,13.5908568193087,7,11595956,281829.322896299
"Gerbilliscus_guineae",63.3303184509277,0.0514948411700186,10.8062744127343,7,7853190.5,892568.32901873
"Gerbilliscus_inclusus",38.8887214660645,0.107334320804303,-10.8749066215821,7,5063012.5,218326.248813896
"Gerbilliscus_kempi",77.7267379760742,0.080289619445713,7.3208698057546,7,15363061,4610375.9876144
"Gerbilliscus_leucogaster",34.9657936096191,0.0784996584404378,-16.4749197541966,7,34553504,5765220.01194146
"Gerbilliscus_nigricaudus",51.6539115905762,0.0609887670014124,0.840121883819106,7,30661900,610486.933446803
"Gerbilliscus_phillipsi",47.2257118225098,0.14287856066273,5.31340960964283,7,14780388,71840.7376764526
"Gerbilliscus_robustus",53.9713745117188,0.0631852225684667,7.81284475058781,7,14569551,5165788.12370109
"Gerbilliscus_validus",56.1855659484863,0.0722188575930875,-4.86408305307966,7,52793956,4626297.07694453
"Gerbillurus_paeba",9.33505153656006,0.107990662550223,-25.0802057108224,13,9579244,2191068.73663975
"Gerbillurus_vallinus",1.26310431957245,0.019867316631954,-27.6910923858225,13,857751,286817.658205191
"Gerbillus_acticola",25.124683380127,0,9.86138934317209,13,6191385,22931.4596165039
"Gerbillus_amoenus",9.70558166503906,0.00872221295174349,27.0917156076313,13,2406796.75,855059.371823088
"Gerbillus_andersoni",337.568054199219,0,30.9083441577632,13,37036368,117595.800192516
"Gerbillus_bottai",144.267395019531,0,13.9797782772285,7,562712.25,31778.8773331873
"Gerbillus_brockmani",27.3691883087158,0,9.3673930650198,7,623.929382324219,308.690665413235
"Gerbillus_campestris",81.1195526123047,0.0195915549508208,33.8148661060046,12,10516152,1163231.53649909
"Gerbillus_cosensis",21.0118637084961,0.0424120290339318,2.27325418907563,7,64839752,138824.185100311
"Gerbillus_dunni",27.0733451843262,0.00901793170845903,8.01062580352381,7,12969708,359416.913009549
"Gerbillus_famulus",282.609649658203,0,13.8443412095684,10,20611238,52564.294709531
"Gerbillus_floweri",267.913177490234,0.000267412234256004,29.9069569563185,13,15525632,78484.1208525574
"Gerbillus_gerbillus",15.0348253250122,0.028180770406637,23.8981683653401,13,3269776,9376307.81520522
"Gerbillus_grobbeni",9.43248844146729,0,32.6418980311133,12,61005048,1140.10595860154
"Gerbillus_harwoodi",129.429443359375,0.0998999438430652,-4.38864401988169,7,28365374,205253.702640078
"Gerbillus_hesperinus",160.057067871094,0,31.4869798044807,12,141499168,724.542160366887
"Gerbillus_hoogstraali",300.427917480469,0.0116370604057872,30.4993282929806,12,5051303,6611.86783468873
"Gerbillus_jamesi",124.37801361084,0,36.1695638950568,12,125751304,812.51695072135
"Gerbillus_juliani",21.9725341796875,0,2.81608696413543,7,788.114013671875,67878.8645105886
"Gerbillus_latastei",29.3167362213135,0.000936483890593004,31.9933920773678,13,16016237,176449.250572699
"Gerbillus_lowei",24.0504665374756,0,13.0031973072811,13,1087.06408691406,3445.45262336535
"Gerbillus_mackillingini",NA,NA,NA,NA,NA,NA
"Gerbillus_maghrebi",298.446166992188,0.0222635531255962,33.6653340115741,12,17227808,55225.6673663176
"Gerbillus_muriculus",23.6335487365723,0,14.6029407233599,7,1194.52514648438,523.944728542278
"Gerbillus_nancillus",30.2322330474854,0.0792521001419823,15.3805199642141,7,1219400.25,1317062.88910846
"Gerbillus_nigeriae",19.888635635376,0.0691888896807229,19.18192485095,13,11435379,71424.3273803213
"Gerbillus_occiduus",11.0961084365845,0.0338742450741154,26.6248530378263,13,29750524,49789.4263503239
"Gerbillus_percivali",295.735504150391,0.471778148653149,-3.38259813559767,7,937.714904785156,18.1563318753982
"Gerbillus_perpallidus",109.924980163574,0.0253879607660185,30.3844747512529,13,14142223,24834.4934948386
"Gerbillus_poecilops",188.666748046875,0,17.1179136696745,10,27384244,102195.846705749
"Gerbillus_principulus",1.32550549507141,0,15.290555072101,7,1690.87756347656,2405.19388969034
"Gerbillus_pulvinatus",18.5413093566895,0.0808803884293145,4.87807357695181,7,1350695.625,34346.0138502384
"Gerbillus_pusillus",54.314151763916,0.0785615393293726,6.34615405127882,7,9789291,570306.770421095
"Gerbillus_pyramidum",38.5561256408691,0.0777809069131102,19.777321388685,13,6906439,3345482.83416192
"Gerbillus_rosalinda",26.3667430877686,0,12.3051639986572,7,818.327270507812,166259.447444728
"Gerbillus_rupicola",33.6801376342773,0.00814713773290926,15.4166578536982,9,21160060,42517.3369349671
"Gerbillus_simoni",59.2553596496582,0.00300919843894452,34.3814702597877,12,16302434,259962.225134023
"Gerbillus_somalicus",36.0389633178711,0,10.5135884009836,13,19702138,52589.6857758715
"Gerbillus_stigmonyx",195.566513061523,0,14.1967752096007,7,49334456,28879.9773613268
"Gerbillus_tarabuli",4.39737272262573,0.0337121951302165,24.0907690770308,13,1171870,6332114.47305641
"Gerbillus_watersi",56.4926147460938,0,17.6447944577149,13,9237993,123298.497125233
"Giraffa_camelopardalis",27.5233974456787,0.179833344632658,0.926213214431107,7,13195259,1791489.35877141
"Glauconycteris_alboguttata",39.0797119140625,0.0492437054335907,0.990757273482697,1,16328317,469400.196193181
"Glauconycteris_argentata",67.6471557617188,0.064749373006532,-2.94434390558387,7,75526944,3996259.90340825
"Glauconycteris_egeria",59.9358291625977,0.0995237559870225,1.8936482987819,1,10225713,386706.303373472
"Glauconycteris_gleni",111.064399719238,0.499646406384833,3.23505894186253,7,385.090911865234,624.97528872154
"Glauconycteris_humeralis",102.261047363281,0.0932293823281726,0.843479973473976,1,42290212,381910.532398251
"Glauconycteris_kenyacola",47.9717178344727,0,-2.34981631561984,1,876.819396972656,312.495783467028
"Glauconycteris_machadoi",3.72162294387817,0,-11.4210811335381,7,1136.62463378906,306.719760604935
"Glauconycteris_superba",170.121704101562,0.0156480512939548,2.51007025030379,1,480.826416015625,933.918658619107
"Glauconycteris_variegata",60.5219802856445,0.0845707033934537,-4.93032498104064,7,47855248,8693990.01902264
"Gorilla_beringei",57.9174346923828,0.226785672768649,-1.36169319907162,1,389.974609375,47439.3603947035
"Grammomys_aridulus",58.4003067016602,0,13.1440173530623,7,1303.50219726562,25446.3416800561
"Grammomys_buntingi",81.6254272460938,0.0308832984516662,7.39493916102412,1,13832793,174205.55351672
"Grammomys_caniceps",46.8528747558594,0,-0.389158138196035,1,41855380,41169.2618963255
"Grammomys_cometes",48.1162414550781,0.0276924117012712,-23.1520871731069,7,16467982,417998.143803526
"Grammomys_dolichurus",83.7503204345703,0.0686339029171825,-10.8908542084724,7,107853104,3257251.84927863
"Grammomys_dryas",335.819152832031,0.152006066063924,-1.35191577486699,1,25694368,16649.4234855166
"Grammomys_gigas",35.2922668457031,0.602358150262697,-0.122328873789818,1,1340.89111328125,1912.13614249333
"Grammomys_ibeanus",139.190490722656,0.0869158181404102,-1.21252803924873,7,19984070,215705.062733546
"Grammomys_macmillani",50.6621246337891,0.166040218217084,4.94630279339633,7,1311806.125,243998.493527071
"Grammomys_minnae",228.370193481445,0.0313458376036591,6.33241355458345,1,216245728,10922.727531247
"Grammomys_selousi",6.47484254837036,0,-8.25448130507116,1,513.510620117188,790.97858329757
"Graphiurus_angolensis",24.752384185791,0.041989042216791,-11.6096377439594,7,419263.3125,214684.156989849
"Graphiurus_christyi",58.7653312683105,0.090179905749259,1.53677717418232,1,18982220,394070.489391254
"Graphiurus_johnstoni",450.236663818359,0.0426194913096016,-15.5473682336843,10,141157360,7321.07570458512
"Graphiurus_kelleni",82.689094543457,0.0660188044436863,10.9192241150811,7,8513809,2773770.98310895
"Graphiurus_lorraineus",63.2602233886719,0.0711417139838635,-1.39655734838348,1,15395252,3472143.44116975
"Graphiurus_microtis",58.204948425293,0.0915980068270451,-15.5028785087228,7,53755488,3300458.45081633
"Graphiurus_monardi",11.5023927688599,0.0998873682602259,-12.6996755902073,7,11573213,35743.0731671472
"Graphiurus_murinus",123.841285705566,0.0584441323251819,-30.6996571227814,7,26371020,966155.444212547
"Graphiurus_ocularis",34.0690689086914,0,-32.430230142466,13,11450184,323125.647114855
"Graphiurus_platyops",62.2103614807129,0.00568392338361823,-21.8514598052955,7,1126615.25,340551.543864698
"Graphiurus_rupicola",1.22901165485382,0,-21.381696541774,13,463037.1875,54377.6976368082
"Heliophobius_argenteocinereus",59.5759239196777,0.137167998740497,-9.44813301844026,7,77761088,2122615.23792627
"Heliosciurus_gambianus",62.0519828796387,0.0763136019553883,8.94758285054509,7,16042556,4714372.50491769
"Heliosciurus_mutabilis",53.257381439209,0.0950896927993128,-14.5398529797546,7,71722112,1063836.97421388
"Heliosciurus_rufobrachium",122.63062286377,0.058189138369176,4.6949345008523,1,24250408,2935775.08892588
"Heliosciurus_ruwenzorii",318.878723144531,0.116582506978555,-1.43156904495543,1,76344952,140580.947183721
"Heliosciurus_undulatus",93.3169174194336,0.150456793110454,-4.23402987254863,7,12459448,129267.435907019
"Helogale_hirtula",19.9251823425293,0.0247737296903323,3.56114763563594,7,18289584,912501.453270564
"Helogale_parvula",55.2071380615234,0.0776868571383436,-7.78408642840182,7,44783756,6918503.91425188
"Herpestes_ichneumon",84.8646011352539,0.0656528467975212,2.66890664298562,7,34619944,14478952.3603876
"Herpestes_naso",34.5128784179688,0.0667093984449723,-0.774323860007366,1,8897810,2656378.51744068
"Herpestes_ochraceus",14.575119972229,0,6.60977966130557,7,10943.44921875,506949.09330374
"Herpestes_pulverulentus",22.9726085662842,0.00550987696861584,-30.6739090335216,13,5554349,770354.787501879
"Herpestes_sanguineus",59.6936149597168,0.0704732111033497,-2.78169202798144,7,29149228,16793515.2583552
"Heterocephalus_glaber",28.5234928131104,0.0211333072740021,5.25074903356349,7,3833396.25,1349750.7610962
"Heterohyrax_brucei",63.5866508483887,0.0656674191586408,-2.93796636576699,7,46045092,5937569.34953167
"Hippopotamus_amphibius",33.6328201293945,0.453390987312896,-16.3637698092981,7,30632108,1233077.31352054
"Hipposideros_abae",103.211349487305,0.0831739441566054,7.81244829988097,7,11383512,2073433.23792549
"Hipposideros_beatus",88.7831344604492,0.0675021740695897,2.08378945267657,1,12529785,1589528.96813769
"Hipposideros_caffer",90.806526184082,0.0713433234590076,-10.7478642903204,7,21696630,6344570.78630673
"Hipposideros_fuliginosus",57.1095161437988,0.0586867299872058,2.0168311952471,1,12534548,1104121.06590096
"Hipposideros_gigas",78.8767013549805,0.064645575328069,2.9349160898835,1,12991754,3575100.50783723
"Hipposideros_jonesi",88.4705810546875,0.0481699214555821,9.7433142058155,7,12604199,1270860.12801345
"Hipposideros_lamottei",50.211742401123,0.308647976918139,7.70213262207749,1,593.320495605469,410.888102122393
"Hipposideros_marisae",76.7335968017578,0.00604753237144953,7.18286894576767,1,445.80712890625,31351.5777741797
"Hipposideros_megalotis",108.662086486816,0.0454467941618283,7.79535425527001,7,38209184,943711.899158229
"Hipposideros_ruber",70.1780548095703,0.082960332250215,1.33195938532602,7,45098856,9062002.16670973
"Hipposideros_vittatus",39.675220489502,0.0967420914296038,-13.4721439108331,7,41144348,4007008.5677302
"Hippotragus_equinus",38.4401397705078,0.106068058737674,9.58143146497281,7,11750161,5571097.58611348
"Hippotragus_niger",43.5536956787109,0.114703204104332,-14.2402139775125,7,55921576,3013918.72334013
"Huetia_leucorhina",41.3650932312012,0.0580348347428823,3.87775118864084,1,12435070,283058.598674312
"Hybomys_lunaris",195.132507324219,0.668843985829057,0.385347512677527,10,1063.7568359375,2216.95256614493
"Hybomys_planifrons",62.8549156188965,0.0357628250194303,7.54973125240766,1,7686407.5,239879.553898706
"Hybomys_univittatus",45.7269058227539,0.0676206650582121,0.396589617543201,1,13826540,2240781.54103301
"Hydrictis_maculicollis",71.6346740722656,0.0694392524618117,-1.42966995413519,7,42243708,9962749.56937426
"Hyemoschus_aquaticus",42.9745674133301,0.0669330596137577,0.437418421915748,1,12859224,2448578.76733197
"Hylochoerus_meinertzhageni",69.0263214111328,0.074199559104312,2.72400791487379,1,13204959,2147896.04754382
"Hylomyscus_aeta",41.6005058288574,0.0826077635468327,-0.822684224190152,1,26229738,2618028.51733661
"Hylomyscus_denniae",224.197250366211,0.263691602455863,0.571806709291727,1,2021.96154785156,17471.5235812722
"Hylomyscus_grandis",169.948745727539,0.0238263506448935,6.21154894714889,1,654.011779785156,422.335426295641
"Hylomyscus_pamfi",358.232666015625,0.0167890685161995,7.09789017386432,7,3986173.75,32451.3214953858
"Hylomyscus_parvus",26.7944221496582,0.0908061084935159,3.15559668695239,1,742743.5625,491928.866836036
"Hylomyscus_stella",206.292984008789,0.129139345410675,-0.568761710134137,1,62702420,89591.2405784001
"Hystrix_africaeaustralis",43.4966125488281,0.0762697977141878,-17.3019629616298,7,47372980,7623760.02215924
"Hystrix_cristata",101.559829711914,0.0676071881288944,5.57478127308725,7,43622428,5343397.1379553
"Ichneumia_albicauda",66.9155120849609,0.0658732139235615,-0.436390653938045,7,32772460,14289205.3676105
"Ictonyx_libycus",48.5570793151855,0.0384620529609051,22.4769084615719,7,4682270.5,5082352.55504596
"Ictonyx_striatus",53.2834243774414,0.0742783024164194,-3.91075565789825,7,29950990,15345006.6741086
"Jaculus_orientalis",149.075134277344,0.0130971643381964,35.2235971283287,12,16087930,434057.643372918
"Kerivoula_africana",54.8917388916016,0.031311088520753,-6.88175878988875,1,597.890502929688,28990.9711619956
"Kerivoula_argentata",55.5923957824707,0.0989112660220404,-10.7504522682626,7,72599016,2951435.16973318
"Kerivoula_cuprosa",34.3758850097656,0.0637517002827343,1.5132272247746,1,10601685,593891.520088953
"Kerivoula_eriophora",88.0333480834961,0,12.5614359438783,1,1018.84777832031,305.458939621678
"Kerivoula_lanosa",60.4191551208496,0.083711143839716,-5.04183068778901,7,47510668,9072403.91598343
"Kerivoula_phalaena",65.8919982910156,0.0810276166316252,0.82509622917302,1,16767454,1206175.72506178
"Kerivoula_smithii",38.878719329834,0.0855533159684426,1.26363917930577,1,13004223,1100356.19332613
"Kobus_ellipsiprymnus",70.5584487915039,0.0910448128056762,-1.11759735331694,7,46587040,8949699.48917362
"Kobus_kob",66.9113235473633,0.106460373944923,8.99728048401098,7,13875941,2985582.86825755
"Kobus_leche",12.6510238647461,0.349336797365026,-17.5227373424087,7,11716263,188733.152455742
"Kobus_megaceros",23.5733871459961,0.0484574861567163,8.08401230632634,9,1643303.75,110602.965870943
"Kobus_vardonii",12.4483156204224,0.198852060276404,-14.0249938829745,7,61723564,338174.738187144
"Laephotis_angolensis",36.4605026245117,0.0290805476174917,-11.0650668397205,7,5830136.5,81889.6510391068
"Laephotis_botswanae",51.4542274475098,0.0260041535199133,-20.9846517939765,7,37148660,327943.726526504
"Laephotis_wintoni",86.3026809692383,0.0859228889529344,-5.24759447110272,7,133178144,1918973.51455922
"Lamottemys_okuensis",167.032897949219,0.0228784415951502,6.21427013064085,1,649.755126953125,439.83380226447
"Lavia_frons",69.4386672973633,0.0761961295562189,4.79073140108223,7,45613040,7568026.74064948
"Leimacomys_buettneri",38.917911529541,0.30878944001358,8.26115445856184,1,376.342498779297,315.224431858177
"Lemniscomys_barbarus",254.61930847168,0.0166528353955595,34.4622487841696,12,27021236,249140.730623244
"Lemniscomys_bellieri",48.3573989868164,0.0776306923580443,9.21393488775779,7,4127029,241558.520034344
"Lemniscomys_griselda",15.3984928131104,0.039292760994866,-11.6201873677859,7,150600.453125,599556.135629185
"Lemniscomys_hoogstraali",11.1146974563599,0,10.4577819252914,7,992.094299316406,317.272452311089
"Lemniscomys_linulus",35.295337677002,0.0490847206352912,11.0409299293707,7,4906965,266638.323542352
"Lemniscomys_macculus",117.857048034668,0.116875690565217,3.66434477135054,7,35178308,750784.975613166
"Lemniscomys_mittendorfi",168.579483032227,0.024855156561551,6.21128142876926,1,651.996520996094,404.854096644346
"Lemniscomys_rosalia",41.3090019226074,0.0788834083549054,-19.8279067900964,7,22558600,2429390.54834442
"Lemniscomys_roseveari",33.9835433959961,0.0817168515861868,-13.5487243108354,7,862.1416015625,640.163050781872
"Lemniscomys_striatus",117.918762207031,0.0489315338093018,1.91819450398043,7,66160936,4422632.81658751
"Lemniscomys_zebra",83.7822189331055,0.0694647816191347,8.11235572720776,7,48329264,3840518.97371242
"Leptailurus_serval",68.4625244140625,0.075464391092787,-3.03080621618629,7,35688308,12662369.0193603
"Lepus_fagani",191.928115844727,0.014609020975353,9.082342811977,10,12809270,195235.017024052
"Lepus_habessinicus",45.5361747741699,0.0356126133505789,8.6936054197043,7,15092725,1258926.29011275
"Lepus_saxatilis",36.2895011901855,0,-31.8958695754852,13,11433974,193906.295131475
"Lepus_starcki",234.048492431641,0.0650135926126116,7.43686395072917,10,753617.1875,60357.6049145884
"Lepus_victoriae",61.2662124633789,0.0815056455837107,-2.30816154552924,7,35038136,11320101.4569434
"Lissonycteris_angolensis",66.9018020629883,0.0787525303625013,-2.88192130630842,7,48463940,8785368.40133043
"Litocranius_walleri",21.8403835296631,0.0359319513874245,4.54410388126925,7,5528558.5,1418356.35072414
"Lophiomys_imhausi",121.926750183105,0.0545807519936539,16.8991272109264,7,5117910.5,424237.645131803
"Lophocebus_albigena",46.8671188354492,0.0706316434844071,0.895086823391199,1,23412740,1461558.88264447
"Lophocebus_aterrimus",24.5251979827881,0.0463210330087049,-1.44671041700955,1,15410258,720420.895517763
"Lophuromys_brevicaudus",194.563369750977,0.2396909728498,7.55907939767325,10,894.615173339844,13838.8893657374
"Lophuromys_chrysopus",160.588989257812,0.0353037703835279,6.7784835349092,1,3107180,112208.915377717
"Lophuromys_cinereus",260.272766113281,0.96455662474835,-2.25544996006089,1,625.360534667969,342.454284204053
"Lophuromys_dieterleni",167.950286865234,0.0251101673550283,6.21307381095764,1,655.021606445312,400.742528490774
"Lophuromys_eisentrauti",400.085540771484,0,5.90405531695247,1,587.922302246094,55.8849474590748
"Lophuromys_flavopunctatus",71.0752105712891,0.0659490270380951,-1.91726256297597,1,27835632,1809004.48264912
"Lophuromys_huttereri",24.4605731964111,0,1.01728270580035,1,331.9638671875,44203.6501029788
"Lophuromys_luteogaster",35.938346862793,0.209892237383592,0.271898213854843,1,294.954742431641,63598.4510333614
"Lophuromys_medicaudatus",499.035522460938,0.33297715609255,-1.8361104852856,1,3689169,7510.56231521229
"Lophuromys_melanonyx",164.58366394043,0.294315474212323,6.89479269580282,10,534312.125,10387.0892320269
"Lophuromys_rahmi",295.568450927734,0.282696636869492,-2.33040973831036,1,535.661010742188,4293.32496902795
"Lophuromys_sikapusi",103.869972229004,0.0513197552357626,0.784716758920166,1,63349088,3320549.2186591
"Lophuromys_woosnami",389.528045654297,0.205338517392871,-2.05081975806169,1,289596096,52330.4757019532
"Loxodonta_africana",14.177414894104,0.304611011445506,-9.36340018404867,NA,9299978,2110511.57519825
"Lycaon_pictus",8.87402534484863,0.40143438357446,-20.442496063505,7,4660746.5,1272642.74577195
"Lynx_pardinus",44.1884231567383,0,38.1900194909204,10,2460.75512695312,1191.69166426403
"Macaca_sylvanus",121.994239807129,0.0551838407410969,31.8932686783607,12,4451756,41517.4433244411
"Macroscelides_micus",0.0433319509029388,0,-20.4961781120611,13,1459.07080078125,947.119037122461
"Macroscelides_proboscideus",2.87842321395874,0.0110389216987105,-29.913915297208,13,678566.4375,530469.399592141
"Madoqua_guentheri",30.5686073303223,0.0284248014410737,4.19806197290533,7,15004094,1270987.09741318
"Madoqua_piacentinii",17.6675262451172,0,4.17935415800532,7,19396896,56979.3485031921
"Madoqua_saltiana",20.8928565979004,0.0276708788797166,8.61672259672974,7,11797999,1098767.26979827
"Malacothrix_typica",10.3195400238037,0.0482531227658537,-26.5974381440047,13,1894957.625,1387360.95663287
"Massoutiera_mzabi",1.29488611221313,0,23.5236248802567,13,553.741271972656,638735.477756777
"Mastomys_awashensis",139.694976806641,0.328163680953529,8.54788157096923,7,40333332,29411.1312859208
"Mastomys_coucha",34.6420059204102,0.0208613649505225,-27.8619450832628,7,1972447.125,1271248.53310134
"Mastomys_erythroleucus",85.0661697387695,0.0719020639395304,9.5631918053448,7,12122953,7098368.15590937
"Mastomys_huberti",62.6540336608887,0.10827896078486,13.9213190413964,7,10390839,578164.700905873
"Mastomys_kollmannspergeri",23.1678657531738,0.160756978203017,13.7770929475339,7,4044281.5,1619743.20672226
"Mastomys_natalensis",62.8985939025879,0.0691100426867069,-1.81079145331549,7,29796582,16655440.9788029
"Mastomys_pernanus",117.325553894043,0.302336651811659,-1.71394448224669,7,1400792,39035.4591454757
"Mastomys_shortridgei",4.01493644714355,0.00596581153340463,-17.0496374246022,7,600.367980957031,96016.4700001241
"Megadendromus_nikolausi",157.284240722656,0.37017049416035,6.91067817278181,10,1079.73718261719,6974.9694674898
"Megaloglossus_woermanni",66.4830932617188,0.0631230394623367,-2.09088761230889,1,11873448,3120437.72740685
"Meriones_grandis",125.554672241211,0.0105807298298922,33.9232737543163,12,13575779,708604.473498738
"Meriones_sacramenti",597.503051757812,0,31.2915516985658,13,19832726,8212.93292873694
"Meriones_shawi",99.8830413818359,0.0044728570510209,33.9701766203585,12,18024952,620432.297978397
"Microdillus_peeli",16.5288715362549,0,4.50733246870433,7,769.13427734375,21628.3487586695
"Micropotamogale_lamottei",56.9675407409668,0.0899394599394493,7.39281979950862,1,470.565948486328,2100.00605739869
"Micropotamogale_ruwenzorii",306.411376953125,0.152913230003876,-1.73050246230869,1,21344228,52418.5551722189
"Micropteropus_intermedius",50.9336624145508,0,-6.34625444567324,7,639609.125,203384.383899739
"Micropteropus_pusillus",80.6225051879883,0.0632311680649834,2.69848315647377,7,21512076,5380916.58313708
"Mimetillus_moloneyi",101.126892089844,0.0803233071509752,-3.89098965387033,7,50648148,3621311.46896088
"Miniopterus_fraterculus",59.6056175231934,0.0842428180331449,-18.3071885867195,7,53102956,1548055.77471847
"Miniopterus_griveaudi",448.936553955078,0,-11.6622457897707,10,266388336,1015.01652272077
"Miniopterus_inflatus",53.8611259460449,0.0667498468255,-1.84472140376288,1,47955780,2349942.42385288
"Miniopterus_minor",133.434753417969,0.00862117962108295,-4.88680085392442,7,7244088.5,139453.526748963
"Miniopterus_natalensis",53.782096862793,0.0788469835726613,-21.6560379285067,7,16830004,3510045.44379963
"Mops_brachypterus",97.9751892089844,0.0637085411569033,2.23063859123076,1,21363162,1924608.47074254
"Mops_condylurus",69.3538284301758,0.0826925641793227,-1.41663414775563,7,45141584,9106356.68679469
"Mops_congicus",39.8271484375,0.0535729895532013,2.63644708781364,1,26068488,528771.156766465
"Mops_demonstrator",50.118579864502,0.094052605776177,8.49415036875255,7,9354730,1886714.48002093
"Mops_nanulus",67.1353912353516,0.0658859234861382,-0.501816893539637,1,16493244,2775031.35300321
"Mops_niangarae",11.9364290237427,0.0554233716526733,3.75547537856603,7,365.345550537109,23144.6775499762
"Mops_niveiventer",45.3358955383301,0.0792033302401133,-10.1459839164299,7,50195644,1867655.71364733
"Mops_thersites",84.1540451049805,0.0679197831383372,0.135854922194104,1,34199352,2247394.55877414
"Mungos_gambianus",128.373138427734,0.0520395632074779,8.63942477560194,7,23218572,1384658.94594331
"Mungos_mungo",53.1623001098633,0.0772262673063409,-5.70486755234183,7,40223124,10331337.2744931
"Muriculus_imberbis",310.367858886719,0.0130797376054547,8.95585644507401,10,1047.15051269531,35840.0457650068
"Mus_baoulei",82.0210342407227,0.0687031019149415,7.41957391518892,1,21693198,105999.23816597
"Mus_bufo",367.009460449219,0.201826356906665,-1.75924913625711,1,198031136,69837.536780925
"Mus_callewaerti",50.5681457519531,0.972570606484299,-8.87279353094777,7,514.176574707031,13918.0794504303
"Mus_goundae",1.12683725357056,0,8.00144875397686,7,284.257690429688,315.421577172616
"Mus_haussa",67.22314453125,0.075880380607958,13.9179352050925,7,4881309,2513034.40121241
"Mus_indutus",9.08216667175293,0.119337974804443,-21.1766232151286,7,9020413,1481732.92099281
"Mus_mahomet",177.030349731445,0.0177873068491624,10.8194864176649,10,16624815,418704.651397924
"Mus_mattheyi",85.8096466064453,0.0856595112787728,9.95906957283726,7,1886913.25,333722.073025108
"Mus_minutoides",73.0606460571289,0.0699709084333156,-10.801796561583,7,82911144,4215726.8935572
"Mus_musculoides",110.931495666504,0.0589527331595965,6.84618662539641,7,14769418,2601420.9512148
"Mus_neavei",9.33464241027832,0.48116002236349,-15.4480122880269,7,807.638854980469,2824.68425794033
"Mus_orangiae",NA,NA,NA,NA,NA,NA
"Mus_oubanguii",25.3754138946533,0,5.15573888471408,7,428.456115722656,77712.3023730727
"Mus_setzeri",2.9577739238739,0.0244018965359423,-19.4619008120784,7,581.216369628906,157445.807681481
"Mus_sorella",46.2585601806641,0.0852830389080651,3.57315501806077,7,3397792.5,52516.1039497162
"Mus_tenellus",107.248344421387,0.0689969699132971,7.33237560426368,7,20665034,491701.509700733
"Mus_triton",128.998016357422,0.0499842974477705,-8.1646107774506,7,158937024,1251170.50856362
"Mustela_subpalmata",1499.52221679688,0.000173451626544511,30.554860143742,9,49496892,44121.1962738416
"Mylomys_dybowskii",97.4343872070312,0.0688548145666623,3.42997009668554,7,63995036,1279786.99657707
"Mylomys_rex",109.189987182617,0,6.80099323787419,1,499.968170166016,314.303222115857
"Myomyscus_brockmani",58.3516693115234,0.0996194798578951,3.78167940295894,7,19091898,1713266.93119999
"Myonycteris_relicta",112.270149230957,0.131372510057821,-7.40028361144833,1,61405944,142204.808340777
"Myonycteris_torquata",37.487621307373,0.0481539150893743,-1.07817277258544,1,9633863,3651482.59635065
"Myopterus_daubentonii",54.317253112793,0.0750295747684412,8.52384197238194,7,8278697.5,1600169.72077793
"Myopterus_whitleyi",55.0778999328613,0.0619537508929326,-0.158073801588979,1,11898248,1914283.10401748
"Myosorex_babaulti",444.954406738281,0.147339701129618,-2.45525794990839,1,12111143,24423.8939533792
"Myosorex_blarina",203.516418457031,0.647993420684604,0.379833006340706,10,1045.99072265625,2272.0060195736
"Myosorex_bururiensis",318.076477050781,0.899519318246499,-3.93410358032346,1,809.572570800781,27.3451845833109
"Myosorex_cafer",95.5539627075195,0.00402945726246904,-31.4394398899768,10,7700756.5,167610.650724279
"Myosorex_geata",118.992233276367,0,-7.06824527155332,1,876.113708496094,463.33052264475
"Myosorex_gnoskei",5.67177772521973,0.986736615951406,-10.568461548421,10,607.971374511719,3117.49589903353
"Myosorex_jejei",255.036010742188,0.965431719267332,-2.25528868766192,1,617.477905273438,37.6140771161161
"Myosorex_kihaulei",44.0638656616211,0.00301582507243304,-8.25674329075338,1,581.759704589844,1615.62612527107
"Myosorex_longicaudatus",69.5881805419922,0,-33.9422330382646,12,40018944,7729.01409248657
"Myosorex_okuensis",224.594253540039,0.0217788642996261,6.03543983947084,1,613.517639160156,4126.8012568693
"Myosorex_rumpii",58.9550895690918,0.228981611099671,4.8904042794388,1,615.396667480469,254.129819054416
"Myosorex_schalleri",56.5640296936035,0,-3.16100744356904,1,605.60302734375,98.9022218551425
"Myosorex_sclateri",194.262680053711,0,-28.7160544255662,10,31672334,20830.8445781855
"Myosorex_tenuis",15.1794557571411,0,-27.3441892969666,10,909.611267089844,2045.78937783095
"Myosorex_varius",75.1910018920898,0.000663920684674057,-30.2169341046461,10,13897461,424218.627192039
"Myosorex_zinki",114.214553833008,1,-3.04399261147226,10,78362840,1169.68142221843
"Myotis_bocagii",113.763877868652,0.0639372626013481,-2.68146795887146,7,80935976,1819165.94793414
"Myotis_dieteri",17.9290580749512,0,-4.2610423613653,7,813.107849121094,311.910308124011
"Myotis_morrisi",89.3094024658203,0,9.40817928041453,7,601.110534667969,616.536420121317
"Myotis_punicus",141.432800292969,0.0110308359501453,34.3369798821213,12,27161322,653785.435397278
"Myotis_scotti",169.091186523438,0.0439066143444346,9.68238540273593,10,16096252,185916.871734227
"Myotis_tricolor",85.9029235839844,0.0703512209160602,-10.7968248267226,7,88731008,4005107.53240071
"Myotis_welwitschii",74.4901809692383,0.0872712999818963,-11.8469653382351,7,87515312,4311658.49452482
"Mystromys_albicaudatus",75.2508010864258,0.000138707880304968,-29.0533439671507,10,5620481,501157.526804647
"Nandinia_binotata",84.2404022216797,0.0570104403911416,-0.458476725176799,7,55344128,6021747.81662257
"Nanger_dama",3.17421269416809,0.664583511992302,15.4681251538931,7,544.828125,204791.993474803
"Nanger_granti",43.8344116210938,0.0876055457426107,2.15280140841379,7,29698090,785168.594358221
"Nanger_soemmerringii",25.9640865325928,0.0746654340923781,11.7801609323042,7,29663918,290635.220448027
"Nanonycteris_veldkampii",147.635025024414,0.0537401052363625,7.1906460062841,7,17925902,1711429.98914529
"Neamblysomus_gunningi",100.123825073242,0,-23.6774460259237,7,1042.14392089844,9720.52481687756
"Neamblysomus_julianae",278.748291015625,0,-24.9659240411271,7,965.433837890625,11984.214524843
"Neoromicia_capensis",60.0826225280762,0.0681603690251242,-7.19332260047034,7,34695020,13742406.7433585
"Neoromicia_flavescens",319.330505371094,0.0721905202891682,-15.864528176922,1,19723828,11545.9951536974
"Neoromicia_guineensis",86.4195556640625,0.0758848769280732,8.68797766176304,7,8101302.5,3582877.4514605
"Neoromicia_helios",117.93025970459,0.0745252774340999,0.418911329761735,7,32996758,586134.032341422
"Neoromicia_melckorum",48.3429222106934,0.102927743124204,-13.7747760001316,7,86326328,906299.731519991
"Neoromicia_nana",73.4265441894531,0.0729774230919202,-4.06648611898069,7,40312996,10441811.2990378
"Neoromicia_rendalli",72.467658996582,0.0843410940146778,1.20465092029535,7,49004276,8374253.51016649
"Neoromicia_somalica",60.4086952209473,0.0683567242949025,4.79777783175825,7,35920808,6065844.4488213
"Neoromicia_tenuipinnis",99.3200836181641,0.0673602672507973,1.24628668477559,1,58590004,4246912.68444501
"Neoromicia_zuluensis",50.3685722351074,0.0619652093367363,-20.1877883705211,7,19499774,3479483.87159479
"Nesotragus_moschatus",62.4845886230469,0.111479977254484,-13.3736642428327,7,16248842,1370656.72767626
"Nycteris_arge",93.2894287109375,0.06274447343733,-0.160946016716502,1,60593304,3980019.71246355
"Nycteris_aurita",65.3905868530273,0.0609796784455403,0.355731424772193,7,56697464,1789430.24022144
"Nycteris_gambiensis",77.5559234619141,0.0624650993213329,10.442716137431,7,13348273,1860729.11436576
"Nycteris_grandis",78.8855056762695,0.0682546475236874,2.3396814524415,1,26349098,4404362.03009274
"Nycteris_hispida",73.7598342895508,0.0706139710668234,0.849760535897437,7,36705440,11506141.1559305
"Nycteris_intermedia",57.967658996582,0.0522884088120281,-2.01910232735559,1,19205146,2619651.29290073
"Nycteris_macrotis",76.8002166748047,0.0728770004458466,2.46886757432391,7,35048632,12089657.3642817
"Nycteris_major",42.0346336364746,0.0544771383216272,-1.71114656134041,1,11776860,2096958.78636708
"Nycteris_nana",54.8124046325684,0.0572768567926221,-1.49279659508865,1,20661798,2938128.2943786
"Nycteris_parisii",26.9284038543701,0.0196458181006049,2.93532528709381,7,832.206848144531,127127.789915786
"Nycteris_thebaica",71.84326171875,0.0656653759519788,-3.68675290911724,7,34251376,14392650.3929939
"Nycteris_vinsoni",4.58501577377319,0,-21.4353255322887,7,885.461242675781,291.640205293368
"Nycteris_woodi",48.5381202697754,0.0534302708602798,-17.5972985790065,7,18726536,620419.003668377
"Nycticeinops_schlieffeni",62.4889450073242,0.0726760166292384,-3.66906671261106,7,29629618,5499879.49428061
"Oenomys_hypoxanthus",85.0136947631836,0.0547678240064067,-0.861169871636788,1,36731652,4172138.30506747
"Oenomys_ornatus",115.740333557129,0.0359114738619302,7.16506746077188,1,11699716,159443.686286373
"Okapia_johnstoni",22.2220878601074,0.0974850771037373,1.59747634918125,1,300.571807861328,264220.212740214
"Oreotragus_oreotragus",62.0955581665039,0.0839180136610164,-7.65793839678062,7,57219356,5218047.64886278
"Orycteropus_afer",54.3500328063965,0.0682632423425921,-2.77823378418251,7,26348352,19273000.8286788
"Oryx_beisa",27.105110168457,0.0878415050672546,3.02934264823759,7,7805577.5,975973.847890185
"Oryx_gazella",4.95984888076782,0.121856310742904,-24.3422935437542,13,9666107,1766026.9190693
"Otocyon_megalotis",34.3941955566406,0.0791398907959188,-24.5964490583319,7,17808592,4957026.92798508
"Otolemur_crassicaudatus",55.7103538513184,0.0817906616327346,-12.3966065089151,7,61453524,4895884.33029323
"Otolemur_garnettii",68.2773895263672,0.168381750376622,-6.82398270715746,7,9699073,526936.804112014
"Otomops_martiensseni",67.3799133300781,0.0844430046527146,-3.92041526239299,7,69867312,5186379.58523911
"Otomys_anchietae",26.333532333374,0.0539122917172988,-11.7483604502287,7,1256006.5,71608.9388814429
"Otomys_angoniensis",106.954490661621,0.0291863712077124,-26.8522961135028,7,6584439,595015.154379466
"Otomys_barbouri",168.613006591797,0.853407971277569,1.15121535941459,10,1379.18579101562,398.100451333315
"Otomys_denti",369.368560791016,0.187027633004451,-1.38868186109421,1,141797216,80971.5425285275
"Otomys_irroratus",55.5765991210938,0,-33.0293921356833,12,15519512,183846.804892029
"Otomys_lacustris",105.272857666016,0.0153673745668537,-9.15005434425772,7,182699376,18223.2044344762
"Otomys_laminatus",192.480911254883,0,-29.6738717336492,10,16610140,86794.5980404929
"Otomys_occidentalis",69.0304641723633,0.183028834581587,6.83640492821557,1,528.741882324219,10690.7435828661
"Otomys_saundersiae",NA,NA,NA,NA,NA,NA
"Otomys_sloggetti",25.5690803527832,0.000443042894786156,-30.6555922357336,10,758853.5,156902.410714667
"Otomys_tropicalis",378.963012695312,0.144301141004392,-1.62644815594209,1,88104408,143756.977654692
"Otomys_typus",190.691131591797,0.033957952229951,9.23522801159398,10,32323002,396688.574139902
"Otomys_unisulcatus",26.4292049407959,0.00959220088752217,-31.6241043317092,13,7057738,374301.320447555
"Ourebia_ourebi",68.8807601928711,0.0822692355741459,2.0620507822151,7,33603268,7496162.12556069
"Pachyuromys_duprasi",74.3706970214844,0.00478377838326078,32.7654583759426,13,8470996,1305337.93167138
"Pan_paniscus",14.6703748703003,0.0802573753405888,-1.30924084111222,1,13956201,415766.359278055
"Pan_troglodytes",39.0899124145508,0.0829543476652155,1.37851484387311,1,4478861,2314271.75796445
"Panthera_leo",11.3311634063721,0.373714093740075,-10.8030245684446,7,4237125,1690496.59615623
"Papio_anubis",75.3131637573242,0.0699281821834601,7.75549318151062,7,34477020,7827026.79865094
"Papio_cynocephalus",64.9238967895508,0.107468630243259,-6.82686235111197,7,67354968,1941964.97100464
"Papio_hamadryas",92.0646667480469,0.0530356266030953,11.0485455292408,7,18500718,610339.021266182
"Papio_kindae",45.7296333312988,0.0637887920799096,-9.95711300670107,7,21650154,2347783.67356845
"Papio_papio",46.8032302856445,0.050663383219865,13.66687547525,7,10054828,442077.493140443
"Papio_ursinus",30.3245944976807,0.0506408455025531,-23.9465140143253,7,11881877,3348700.40378534
"Paracrocidura_graueri",57.7579612731934,0,-3.86924741483571,1,555.448364257812,997.721838807187
"Paracrocidura_maxima",270.831268310547,0.212071848119871,-3.45610631355419,1,954136.875,23382.4307684209
"Paracynictis_selousi",27.9521617889404,0.074967386251197,-17.001929444295,7,11334784,1796820.96497722
"Parahyaena_brunnea",20.1179904937744,0.106143448288074,-24.1206247582906,13,10838289,2290717.35046578
"Paraxerus_alexandri",91.7095565795898,0.142053805103835,1.04925326154674,1,20141068,259068.847249548
"Paraxerus_boehmi",89.5945053100586,0.0675079931640942,-0.269052888765295,1,72646904,956025.606441
"Paraxerus_cepapi",35.5037994384766,0.082440850644942,-16.588982215218,7,37836968,2692245.44234608
"Paraxerus_flavovittis",59.3247528076172,0.152932483651461,-11.9053506745927,7,10978012,666787.981369105
"Paraxerus_lucifer",79.1430206298828,0.236034661008741,-9.7395588338204,10,668.840698242188,12059.0832107486
"Paraxerus_ochraceus",102.769798278809,0.0808117847363154,-2.56356066286728,7,14820610,547064.702107948
"Paraxerus_palliatus",72.014892578125,0.0801341994498087,-12.4689247006515,7,36195688,1045560.20709942
"Paraxerus_vexillarius",85.0574035644531,0.097647383426607,-8.2118264051891,1,652800.75,32146.5900076536
"Paraxerus_vincenti",108.035125732422,0,-15.3184095319418,1,790.261596679688,2218.84353805852
"Parotomys_brantsii",3.39628648757935,0.0375448837302182,-29.3950725911821,13,3206501,679427.622015041
"Pectinator_spekei",17.5241680145264,0.0079139817005984,10.2629628363598,7,24412846,419154.664494606
"Pedetes_capensis",25.0956172943115,0.082384998683189,-19.7528263190959,7,9879137,3817919.8808529
"Pedetes_surdaster",93.5586318969727,0.117268291279256,-4.55214297086907,7,44750972,457190.945766149
"Pelea_capreolus",67.191032409668,0.000605406135096898,-30.0438336342332,10,5579398,557077.542014473
"Pelomys_fallax",58.0803985595703,0.085470636016213,-11.7086617370113,7,55587548,3495775.46818736
"Pelomys_hopkinsi",623.982360839844,0.0717815194881806,-2.0495416522625,1,8395930,28270.4558793455
"Pelomys_isseli",1663.42822265625,0.00172309503851169,-0.138696770495212,7,815403456,162.932696829491
"Pelomys_minor",10.7487440109253,0.0223619133822322,-9.52395160525193,7,562.916015625,309824.591187775
"Perodicticus_edwardsi",59.8782653808594,0.0486820889992651,-1.54699844348402,1,8882018,2338588.403782
"Perodicticus_ibeanus",99.6423721313477,0.0634603013486853,0.979289635633411,1,35448724,862208.310165673
"Petrodromus_tetradactylus",51.68896484375,0.093072090335907,-13.0186365281077,7,59969376,3147857.90215972
"Petromyscus_barbouri",2.75190210342407,0,-30.8767495536919,13,3689833.5,38176.2907881503
"Petromyscus_monticularis",1.59446489810944,0.0272080054145328,-27.6299733838527,13,1229.29223632812,186365.063473185
"Phacochoerus_aethiopicus",36.4149284362793,0.0222960738128272,1.59861022416358,7,2212471.75,318268.603598146
"Phacochoerus_africanus",62.9788246154785,0.0911452421983172,-1.96721305042257,7,38088400,9955175.53717229
"Phataginus_tricuspis",81.3150100708008,0.0560499419735733,0.906913947185267,7,40612056,5933685.23523378
"Philantomba_maxwellii",90.3029022216797,0.0454521976962655,8.51033673323809,7,13076638,872151.170698933
"Philantomba_monticola",58.4073524475098,0.0724967503333236,-3.71478499451339,7,56223412,6383787.67221685
"Piliocolobus_bouvieri",3.54831790924072,0,-1.20627669293125,1,17784494,12210.7158092218
"Piliocolobus_gordonorum",31.4190788269043,0.344243535631055,-8.01189123992207,1,685.821899414062,5829.7765936868
"Piliocolobus_kirkii",130.589416503906,0,-6.25292213617487,10,216640304,765.427910481665
"Piliocolobus_oustaleti",25.0544395446777,0.0648269960285204,2.91711497629281,1,6492568.5,547819.166661395
"Piliocolobus_preussi",20.9414291381836,0.848131051090149,5.22264881465994,1,467.496551513672,3451.43323095322
"Piliocolobus_rufomitratus",47.5552253723145,0.168948709445547,-2.07001482474679,1,1265.26831054688,201.248301049376
"Piliocolobus_temminckii",83.2452850341797,0.0448845392757632,12.3531402255972,7,48534840,66369.1344600741
"Piliocolobus_tephrosceles",57.9738731384277,0.547389375464028,-6.22790860862494,7,36473244,3847.02611731113
"Piliocolobus_tholloni",17.1114807128906,0.0669394282017513,-1.28600107107845,1,19662856,498485.239506083
"Piliocolobus_waldronae",NA,NA,NA,NA,NA,NA
"Pipistrellus_aero",50.5385589599609,0,12.7516556817931,7,1024.82348632812,1243.06558535969
"Pipistrellus_anchietae",42.6042060852051,0.0899401421893782,-15.6555353142633,7,19154504,1456818.49317253
"Pipistrellus_crassulus",38.8914108276367,0.0572411870740438,-0.968682967836118,1,15773405,2601004.03615192
"Pipistrellus_hanaki",30.2853946685791,0,32.0904826213264,12,21752342,40218.8164977066
"Pipistrellus_hesperidus",141.14241027832,0.0807297847750379,-4.58084795878692,7,58223268,1600819.22932787
"Pipistrellus_inexspectatus",73.3203506469727,0.064261073157851,9.3022425862903,7,10133483,696339.787101033
"Pipistrellus_musciculus",23.7958374023438,0.0675990684294016,-1.21189988491922,1,21647194,606831.313181178
"Pipistrellus_nanulus",165.735717773438,0.0584535719146957,7.18192501868141,7,31217228,1565038.99426891
"Pipistrellus_permixtus",3660.34350585938,0,-6.68706374149381,14,487980096,126.752941715821
"Pipistrellus_rueppellii",97.5273056030273,0.0626093180537649,-5.35370530503345,7,95742648,2965965.7507392
"Pipistrellus_rusticus",50.7470474243164,0.078516432985681,10.5193401125025,7,6488504.5,3459620.46583178
"Platymops_setiger",118.542610168457,0.112062593994851,1.28708085522566,7,6815836,221177.395938684
"Plecotus_balensis",1934.17297363281,0.00731413489034063,6.41210633198645,10,1227.57336425781,1229.10221011164
"Plecotus_christii",285.801391601562,0.00396215557472638,26.6072658777596,13,45277880,130174.768756941
"Plecotus_sardus",69.8712387084961,0,40.0974481919055,10,67617808,23980.5907117581
"Plerotes_anchietae",30.6897354125977,0.111046335767423,-10.8434581214763,7,28950578,796433.155115534
"Poecilogale_albinucha",62.2387161254883,0.0636998696861529,-14.5108651871756,7,62549748,5663520.45183159
"Poelagus_marjorita",56.911247253418,0.192419629725664,4.81751258377029,7,13377890,83266.9128556323
"Poiana_leightoni",33.8854637145996,0.0983277259245592,5.98836769076039,1,460.936004638672,48683.2941626849
"Poiana_richardsonii",31.9918537139893,0.0649422089083314,-0.270560554695934,1,14658751,2017237.12360031
"Potamochoerus_larvatus",75.4717254638672,0.0904056594695037,-8.85657639902209,7,66984144,5881489.86345618
"Potamochoerus_porcus",70.9812316894531,0.0584381950309428,3.0613925102394,1,13804918,4799556.71547032
"Potamogale_velox",46.0546226501465,0.0624746155279694,-1.5411081359466,1,20685468,3803856.97612646
"Praomys_daltoni",97.3542251586914,0.0874211895018575,11.0210207077816,7,9510611,3175732.07213809
"Praomys_degraaffi",425.518096923828,0,-1.2941122032213,1,102932392,445.512405230437
"Praomys_delectorum",125.196517944336,0.108263290088197,-10.0033127587758,7,2423969,56002.7836035845
"Praomys_hartwigi",223.286590576172,0.0116483626609922,6.07164432881122,1,580095.5625,7809.65369841409
"Praomys_jacksoni",56.8177528381348,0.0580729638647531,-2.05143247529499,1,38085812,3744052.12809192
"Praomys_lukolelae",31.7989940643311,0.0233791139542981,-3.30369941761056,1,531.501647949219,208467.114137089
"Praomys_minor",65.1634979248047,0,0.398093300199292,1,563.067260742188,8768.52384112681
"Praomys_misonnei",20.3019199371338,0.137368961079309,0.092157829234254,1,285.120544433594,144160.071736705
"Praomys_mutoni",88.2517166137695,0.0719208757069598,0.653488066819139,1,16956936,13380.9775210894
"Praomys_obscurus",63.4484519958496,0.0190325402965668,6.9422729233369,1,658.407165527344,3123.22668621837
"Praomys_verschureni",80.3168182373047,0.138324319871,0.439811769621412,1,12752115,155554.995753923
"Prionomys_batesi",13.081033706665,0.392378545327206,0.895403734506266,1,357.577697753906,32246.6382894471
"Procavia_capensis",59.2571105957031,0.0554362473067846,10.7765241920452,7,18234752,15715542.3524684
"Pronolagus_crassicaudatus",94.4163208007812,0.00310215279407603,-29.283701359767,10,15921389,198444.313793335
"Pronolagus_randensis",53.1983108520508,0.0403900892121255,-21.4285438708823,7,1262317.5,675440.779976415
"Pronolagus_rupestris",40.9060897827148,0.0608143600108905,-6.20101159607504,7,57676876,461340.914457618
"Pronolagus_saundersiae",28.7598171234131,0.000572809923820794,-30.5445413390477,10,3778580.25,522410.774622988
"Proteles_cristata",34.5456085205078,0.0674279728142154,-24.1783633112643,7,16874928,5997315.15149564
"Protoxerus_stangeri",95.4103775024414,0.057533719669841,1.99632975636463,1,26985540,3388918.62886336
"Psammomys_vexillaris",31.9984607696533,0,33.4702499967208,13,10227615,135259.62430576
"Pteropus_livingstonii",682.162475585938,0,-12.2321637080784,10,77565288,265.681963467904
"Pteropus_voeltzkowi",436.082977294922,0,-5.16508479600632,10,270601120,908.53144898563
"Raphicerus_campestris",32.5029296875,0.081431277392843,-23.3943988738658,7,13349608,4047878.95528918
"Raphicerus_melanotis",63.8512496948242,0,-33.246962751319,12,17877572,160973.791314893
"Raphicerus_sharpei",41.7286491394043,0.104799301264074,-14.7635726936019,7,50582708,2462567.73164351
"Redunca_arundinum",44.724910736084,0.0782822518698469,-14.0253877028482,7,28306030,4763569.54048518
"Redunca_fulvorufula",90.2281188964844,0.0459582012656584,-28.2025098985278,7,25235104,1044828.94195705
"Redunca_redunca",74.6219711303711,0.0868167410684789,6.41122486462365,7,39104992,5901393.23236348
"Rhabdomys_pumilio",67.8369293212891,0,-32.91277898057,12,17476092,134988.404843222
"Rhinolophus_adami",16.732400894165,0,-3.97634052693284,7,623.511535644531,312.018961244673
"Rhinolophus_alcyone",63.4145889282227,0.0729711267066614,0.556255142447838,1,21219062,2625737.46640729
"Rhinolophus_capensis",46.2351989746094,0,-32.7760893429393,12,12208270,242616.926372444
"Rhinolophus_darlingi",52.0681495666504,0.0273942125671839,-23.550895051081,7,15947679,1359694.6337602
"Rhinolophus_deckenii",104.615142822266,0.224666811120469,-6.80533267282419,7,15011700,158200.0933888
"Rhinolophus_denti",16.0390739440918,0.0723201347966408,-23.2791655960213,13,555673.125,1704313.39149659
"Rhinolophus_eloquens",169.861663818359,0.0773795021909688,1.176460812343,7,127908728,711905.590681836
"Rhinolophus_fumigatus",64.3817443847656,0.0802542763945123,-1.5556837540516,7,49041444,8362979.95353818
"Rhinolophus_guineensis",47.4053268432617,0.0309369924583243,10.1358883781027,7,1763266.375,180710.347318161
"Rhinolophus_hildebrandtii",81.3767700195312,0.096840835042131,-9.33422295532332,7,119594568,3183943.08830784
"Rhinolophus_hilli",148.383422851562,0.637770928973381,-2.45723267595924,1,594.454650878906,122.03271441692
"Rhinolophus_landeri",72.5343933105469,0.0689899990919768,0.300539669129878,7,38154192,12121963.6342237
"Rhinolophus_maclaudi",96.6848373413086,0,11.002810745807,1,6074508,8188.6310794529
"Rhinolophus_maendeleo",147.564651489258,0.0831105434081818,-4.91820277261321,1,682.158081054688,2698.27083897342
"Rhinolophus_ruwenzorii",201.649490356445,0.403106478405762,-0.211063223508854,1,191948752,24862.8045251383
"Rhinolophus_sakejiensis",22.3263607025146,0,-11.2332560678602,7,583.847473144531,306.916046471061
"Rhinolophus_silvestris",9.5944881439209,0.00311171640751079,-1.79732976389291,1,559.773376464844,136275.249183091
"Rhinolophus_simulator",77.7767639160156,0.0563085701394357,-11.9266236690929,7,59701780,1911291.86808734
"Rhinolophus_swinnyi",57.3140068054199,0.0820204449403075,-16.3290745403775,7,43280632,1347758.5400433
"Rhinolophus_ziama",28.5796909332275,0,8.28653735856711,1,439.924957275391,2475.40320155379
"Rhynchocyon_chrysopygus",460.364990234375,0,-3.40149862256378,1,40635396,3574.33027727059
"Rhynchocyon_cirnei",48.6064491271973,0.10880507052554,-13.3736344917884,1,16161744,1130816.35762502
"Rhynchocyon_petersi",106.138534545898,0.0449986801134962,-6.33837970190683,1,17427284,31086.2753594782
"Rhynchocyon_udzungwensis",22.4503154754639,0.751488040987387,-7.75037018363589,1,921.940856933594,320.401942907884
"Rhynchogale_melleri",41.8471069335938,0.0996906033495599,-14.2374629095059,7,57335284,2204394.16977053
"Rousettus_lanosus",260.360046386719,0.114067352665282,0.193272653689658,1,52995880,209036.865843017
"Rungwecebus_kipunji",87.2795104980469,0,-9.12735351590858,10,1096.041015625,71.0605769209569
"Ruwenzorisorex_suncoides",385.078369140625,0.170943769985931,-2.22801385845488,1,6200364.5,22305.7887008541
"Saccolaimus_peli",78.2347030639648,0.0735030741462771,0.114554679311581,1,21506536,1954568.54834097
"Saccostomus_campestris",30.883394241333,0.0896367154170691,-18.3336714830763,7,26870046,5347600.52853622
"Saccostomus_mearnsi",65.2509994506836,0.0797751333763888,0.705938916585035,7,27832096,667846.485719017
"Sauromys_petrophilus",44.0627670288086,0.0619616758854197,-23.8350006613624,13,4403237.5,728211.763537239
"Scotoecus_albofuscus",84.314811706543,0.0877550405380126,-9.83430133370785,7,102531328,3070905.37248613
"Scotoecus_hirundo",71.4864196777344,0.0919294240134695,1.3421030884571,7,30244322,4915941.85630375
"Scotophilus_dinganii",64.8156509399414,0.074111646865663,-6.23665447176266,7,35775044,10950619.6210205
"Scotophilus_leucogaster",63.4225883483887,0.0691823215111084,9.99484110226672,7,8843951,5052562.22291069
"Scotophilus_nigrita",64.6850433349609,0.0914064281917088,-10.8676735445266,7,71988576,2195100.1284908
"Scotophilus_nux",82.3182678222656,0.0827487355038926,2.39195147593133,1,25845298,951662.142820562
"Scotophilus_viridis",83.1198654174805,0.0926196416126976,3.83425199814259,7,24181964,4639208.23119273
"Scutisorex_somereni",102.392379760742,0.113740996099359,0.454186213794797,1,58589452,434028.615459014
"Smutsia_gigantea",56.2849617004395,0.0612411769097648,0.231160364153479,1,58144264,3228512.11718579
"Smutsia_temminckii",43.1749649047852,0.100929217628848,-7.76332154660971,7,45287256,7024457.3024418
"Steatomys_bocagei",27.9506855010986,0.0164199096745306,-9.11035371158495,7,158374.046875,573977.874776246
"Steatomys_caurinus",86.7548217773438,0.0695863263035283,11.5338930003804,7,5754501,1058295.7133488
"Steatomys_cuppedius",104.573097229004,0.0887659299710782,13.5975711991882,7,2075034.375,1075014.26222392
"Steatomys_jacksoni",131.656539916992,0,7.43141820687427,1,584.242797851562,620.212320324164
"Steatomys_krebsii",40.5434417724609,0.0730414580951346,-14.9272877909655,7,3786891.25,979358.325599536
"Steatomys_opimus",17.159574508667,0.0546538580351727,4.58307662382698,7,507928.90625,721011.849714829
"Steatomys_parvus",78.5215911865234,0.107356082623545,-16.9147078422643,7,134543584,1128038.11659188
"Steatomys_pratensis",35.2261734008789,0.0544789283034268,-18.5906927392508,7,13764916,3477980.22878795
"Stenocephalemys_albipes",195.388061523438,0.0211944893679643,9.04056908714495,10,1674195.5,360891.82179664
"Stenocephalemys_albocaudata",160.282623291016,0.291899250115941,6.89714966386111,10,926.455200195312,12140.1089353003
"Stenocephalemys_griseicauda",174.266510009766,0.103358515120593,9.6790746514149,10,1034.47338867188,38987.6342661986
"Stenocephalemys_ruppi",262.900543212891,0,6.14577781262814,10,1013.92742919922,4073.13851384789
"Stochomys_longicaudatus",86.9969711303711,0.069329207942081,0.768253788842231,1,14548058,1866744.35070946
"Suncus_aequatorius",243.659027099609,0,-3.37659925582454,1,813.994506835938,491.260489460632
"Suncus_hututsi",211.438766479492,0.0530654763019331,-0.4777093151986,7,1827266.25,31098.7305974902
"Suncus_infinitesimus",128.454956054688,0.00144239846882239,-31.0908067551149,10,16507805,131972.950090108
"Suncus_lixus",39.1639137268066,0.113357479883768,-14.721514703876,7,39974136,1437689.02054559
"Suncus_megalura",110.446998596191,0.0650025818856458,-3.48411738342886,7,90023728,4240285.39592472
"Suncus_remyi",4.64156770706177,0.188243346522024,1.72151219367921,1,331.725006103516,150166.811099076
"Suncus_varilla",47.7746200561523,0.0529405132759312,-23.1642688755048,7,36932116,2013476.89682164
"Surdisorex_norae",193.246475219727,0.252567820193973,-0.443663938392142,1,793.820678710938,3057.8530857288
"Surdisorex_polulus",12.489387512207,0.379792127169576,-0.115840334846068,10,1864.51672363281,962.088756068277
"Surdisorex_schlitteri",150.319122314453,0.416071247547646,1.11054865540863,1,974.95068359375,310.55579713951
"Suricata_suricatta",17.7922954559326,0.0935558850264944,-26.2875963336334,13,4948022.5,1758699.39697874
"Sylvicapra_grimmia",60.7135887145996,0.0757388758350407,-7.04021937933843,7,32820610,13576011.1673478
"Sylvisorex_akaibei",148.924758911133,0,0.624841413561705,1,332.109619140625,537.272051817785
"Sylvisorex_camerunensis",195.575805664062,0.042551907440861,6.00096677018858,1,600.1181640625,6332.79162267113
"Sylvisorex_granti",292.533050537109,0.326889644625045,-1.88449734730398,1,6815689,29983.0285383051
"Sylvisorex_howelli",143.496444702148,0.089385123613997,-4.7351762022096,1,725.067016601562,6764.4889873273
"Sylvisorex_lunaris",401.110778808594,0.314229868722744,-2.19453400489147,1,7247227.5,13561.0792358042
"Sylvisorex_ollula",40.7513732910156,0.0693283942252737,-1.20660183217299,1,10555574,1407399.49249295
"Sylvisorex_oriundus",31.6302623748779,0.223706548347115,2.1190601184232,1,319.563140869141,49071.9029339595
"Sylvisorex_pluvialis",15.302357673645,0.623423600111266,5.28503615758555,1,278.92578125,530.521144038348
"Sylvisorex_silvanorum",388.091552734375,0,5.91743813010256,1,686.075256347656,312.27763423175
"Sylvisorex_vulcanorum",202.703186035156,0.261765322605151,-3.49614842589199,1,214424.71875,16604.7627533851
"Syncerus_caffer",54.2806701660156,0.104723700287408,-1.62119345465493,7,45490808,8442678.02484972
"Tachyoryctes_macrocephalus",98.2295379638672,0.663037224301573,6.91787820249666,10,1227.61865234375,3896.10032711602
"Tachyoryctes_splendens",236.241317749023,0.0693294592732802,9.08778827674378,7,47295816,680061.639546625
"Tadarida_fulminans",68.5048751831055,0.073923510765008,-17.1482185263435,7,25394772,295227.734191026
"Tadarida_lobata",150.02734375,0.041299954203178,-0.168716365175018,7,6505177,186860.1840893
"Tadarida_ventralis",109.213653564453,0.0741734292746921,-3.71573801653858,7,131712040,2414175.70147149
"Taphozous_hamiltoni",66.8387908935547,0.0242154524608975,4.00034954150993,7,174922464,56082.1858738774
"Taphozous_hildegardeae",197.195465087891,0.033349080837389,-4.81055094863808,1,32540654,44747.8981060423
"Taterillus_arenarius",9.5936164855957,0.0647872451263947,17.3621860842114,7,1336667.875,402966.823346482
"Taterillus_congicus",15.8674793243408,0.108956459622468,6.88633922642859,7,654115.1875,1317164.84682174
"Taterillus_emini",67.3554077148438,0.0591499715573746,6.07760647709893,7,50188188,3860531.18973235
"Taterillus_gracilis",105.574882507324,0.0796253570535454,11.8175512663292,7,11504922,2210732.88609024
"Taterillus_lacustris",79.2811050415039,0.0355868649826306,12.3109341408491,7,2217375,39538.9279747451
"Taterillus_petteri",33.6087532043457,0.32358954427999,14.677570234761,7,746556.4375,178975.980386472
"Taterillus_pygargus",92.2744369506836,0.042800533763361,14.4374232289453,7,4511550.5,363474.339083192
"Taterillus_tranieri",12.7496891021729,0,15.8681276322231,7,473776.84375,93503.585893194
"Thallomys_loringi",96.3197326660156,0.0213133391155854,-0.244159654721067,7,10383981,56457.5494764792
"Thallomys_paedulcus",47.7220802307129,0.0873431511745032,-12.7382118221582,7,32971586,5096542.57071266
"Thallomys_shortridgei",0.438368827104568,0,-29.569946628564,13,1052.49145507812,33884.2323009756
"Thamnomys_kempi",418.933044433594,0.533209262939603,-2.56960444243358,1,865.085754394531,5110.78608934035
"Thamnomys_schoutedeni",24.0583763122559,0.122993840988935,-1.81115403033251,1,331.120483398438,848.537947822
"Thamnomys_venustus",279.982452392578,0.217087961280494,1.84742611757662,1,27726772,10760.9245475559
"Theropithecus_gelada",193.146926879883,0.00457061643905094,11.422396995143,10,434415.125,103851.67715684
"Thryonomys_gregorianus",92.2155227661133,0.0855993471378253,-8.40360619598493,7,127422672,2375922.35252344
"Thryonomys_swinderianus",79.1988983154297,0.0792583070610921,-4.08997462432676,7,52154704,7541449.62444848
"Tragelaphus_angasii",18.1377296447754,0.0793608179718508,-23.2822704329463,7,26560496,197902.360284963
"Tragelaphus_buxtoni",130.961151123047,0.413833414325867,6.87722354330489,10,1062.15576171875,6875.03781610835
"Tragelaphus_derbianus",7.7644305229187,0.234910782949543,7.82208076039993,7,3697783,392963.147788092
"Tragelaphus_eurycerus",43.4176597595215,0.0810055586276287,2.13411657154915,1,11573714,2217282.32761976
"Tragelaphus_imberbis",29.1883449554443,0.061461631064025,2.82472531903866,7,15903342,1488947.70529873
"Tragelaphus_oryx",38.7333793640137,0.0908601138343131,-17.3643040869302,7,32149612,6776785.92704313
"Tragelaphus_scriptus",77.065315246582,0.0735463762454228,-2.49206152074749,7,38554896,12064054.1738537
"Tragelaphus_spekii",65.7416305541992,0.0835929270435229,-1.77182997590407,7,39230932,4392198.8252889
"Tragelaphus_strepsiceros",39.2404518127441,0.0872450215308974,-13.6436899001076,7,26222840,6084589.46373569
"Uranomys_ruddi",85.5893859863281,0.0925293616320506,3.31552622151132,7,63639460,4057101.87815944
"Vulpes_chama",22.6656017303467,0.0667352778553271,-26.3371229068964,13,4508116,2126479.34143861
"Vulpes_pallida",46.0064468383789,0.0801922349267896,14.687448727821,7,5182719.5,4152381.02249825
"Vulpes_zerda",4.57026672363281,0.0335078752456202,23.3556636210314,13,992901.5,8676247.29337413
"Xerus_erythropus",69.3265686035156,0.0683794746509912,10.9385087809375,7,9285295,8816274.07743416
"Xerus_inauris",8.61311817169189,0.0864912867565788,-25.4848347467879,13,2466465.25,1515178.63576605
"Xerus_rutilus",50.0066223144531,0.0389040247248951,4.40067564335253,7,20090486,2086690.93449211
"Zelotomys_hildegardeae",75.1486282348633,0.0825824738907919,-5.51728539748178,7,93112456,3051592.67590825
"Zelotomys_woosnami",3.5632860660553,0.14367260883103,-21.9252569641737,7,19833356,674859.921042426
